station_id,station_name,forecast_issued_utc,forecast_for_date,forecast_high_f,n_hours_in_forecast,forecast_issued_local
KMIA,Miami International,2026-04-01 22:37 UTC,2026-04-02,80,24,NA
KMIA,Miami International,2026-04-02 17:02 UTC,2026-04-03,81,24,NA
KMIA,Miami International,2026-04-02 18:57 UTC,2026-04-03,81,24,2026-04-02 14:57 EDT
KMIA,Miami International,2026-04-02 22:36 UTC,2026-04-03,81,24,2026-04-02 18:36 EDT
KMIA,Miami International,2026-04-03 05:42 UTC,2026-04-04,80,24,2026-04-03 01:42 EDT
KMIA,Miami International,2026-04-03 07:08 UTC,2026-04-04,80,24,2026-04-03 03:08 EDT
KMIA,Miami International,2026-04-03 08:54 UTC,2026-04-04,80,24,2026-04-03 04:55 EDT
KMIA,Miami International,2026-04-03 10:43 UTC,2026-04-04,80,24,2026-04-03 06:43 EDT
KMIA,Miami International,2026-04-03 13:04 UTC,2026-04-04,80,24,2026-04-03 09:04 EDT
KMIA,Miami International,2026-04-03 14:42 UTC,2026-04-04,80,24,2026-04-03 10:42 EDT
KMIA,Miami International,2026-04-03 16:40 UTC,2026-04-04,80,24,2026-04-03 12:40 EDT
KMIA,Miami International,2026-04-03 18:47 UTC,2026-04-04,81,24,2026-04-03 14:47 EDT
KMIA,Miami International,2026-04-03 20:37 UTC,2026-04-04,81,24,2026-04-03 16:37 EDT
KMIA,Miami International,2026-04-03 22:33 UTC,2026-04-04,81,24,2026-04-03 18:33 EDT
KMIA,Miami International,2026-04-04 05:22 UTC,2026-04-05,80,24,2026-04-04 01:22 EDT
KMIA,Miami International,2026-04-04 07:01 UTC,2026-04-05,80,24,2026-04-04 03:01 EDT
KMIA,Miami International,2026-04-04 08:41 UTC,2026-04-05,80,24,2026-04-04 04:41 EDT
KMIA,Miami International,2026-04-04 10:33 UTC,2026-04-05,80,24,2026-04-04 06:33 EDT
KMIA,Miami International,2026-04-04 12:55 UTC,2026-04-05,80,24,2026-04-04 08:55 EDT
KMIA,Miami International,2026-04-04 14:34 UTC,2026-04-05,80,24,2026-04-04 10:34 EDT
KMIA,Miami International,2026-04-04 16:36 UTC,2026-04-05,80,24,2026-04-04 12:36 EDT
KMIA,Miami International,2026-04-04 18:42 UTC,2026-04-05,81,24,2026-04-04 14:42 EDT
KMIA,Miami International,2026-04-04 20:32 UTC,2026-04-05,81,24,2026-04-04 16:32 EDT
KMIA,Miami International,2026-04-04 22:30 UTC,2026-04-05,81,24,2026-04-04 18:30 EDT
KMIA,Miami International,2026-04-05 05:45 UTC,2026-04-06,82,24,2026-04-05 01:45 EDT
KMIA,Miami International,2026-04-05 07:06 UTC,2026-04-06,81,24,2026-04-05 03:06 EDT
KMIA,Miami International,2026-04-05 08:42 UTC,2026-04-06,81,24,2026-04-05 04:43 EDT
KMIA,Miami International,2026-04-05 10:34 UTC,2026-04-06,81,24,2026-04-05 06:34 EDT
KMIA,Miami International,2026-04-05 12:57 UTC,2026-04-06,81,24,2026-04-05 08:57 EDT
KMIA,Miami International,2026-04-05 14:37 UTC,2026-04-06,81,24,2026-04-05 10:37 EDT
KMIA,Miami International,2026-04-05 16:37 UTC,2026-04-06,81,24,2026-04-05 12:37 EDT
KMIA,Miami International,2026-04-05 18:44 UTC,2026-04-06,82,24,2026-04-05 14:44 EDT
KMIA,Miami International,2026-04-05 20:33 UTC,2026-04-06,82,24,2026-04-05 16:33 EDT
KMIA,Miami International,2026-04-05 22:31 UTC,2026-04-06,82,24,2026-04-05 18:31 EDT
KMIA,Miami International,2026-04-06 05:59 UTC,2026-04-07,78,24,2026-04-06 01:59 EDT
KMIA,Miami International,2026-04-06 07:58 UTC,2026-04-07,77,24,2026-04-06 03:58 EDT
KMIA,Miami International,2026-04-06 09:17 UTC,2026-04-07,77,24,2026-04-06 05:17 EDT
KMIA,Miami International,2026-04-06 10:57 UTC,2026-04-07,77,24,2026-04-06 06:57 EDT
KMIA,Miami International,2026-04-06 13:10 UTC,2026-04-07,77,24,2026-04-06 09:10 EDT
KMIA,Miami International,2026-04-06 14:47 UTC,2026-04-07,77,24,2026-04-06 10:47 EDT
KMIA,Miami International,2026-04-06 18:59 UTC,2026-04-07,79,24,2026-04-06 14:59 EDT
KMIA,Miami International,2026-04-06 20:38 UTC,2026-04-07,79,24,2026-04-06 16:38 EDT
KMIA,Miami International,2026-04-06 22:37 UTC,2026-04-07,79,24,2026-04-06 18:37 EDT
KMIA,Miami International,2026-04-07 05:47 UTC,2026-04-08,78,24,2026-04-07 01:47 EDT
KMIA,Miami International,2026-04-07 07:17 UTC,2026-04-08,79,24,2026-04-07 03:18 EDT
KMIA,Miami International,2026-04-07 09:24 UTC,2026-04-08,79,24,2026-04-07 05:24 EDT
KMIA,Miami International,2026-04-07 10:55 UTC,2026-04-08,79,24,2026-04-07 06:55 EDT
KMIA,Miami International,2026-04-07 13:19 UTC,2026-04-08,79,24,2026-04-07 09:19 EDT
KMIA,Miami International,2026-04-07 15:08 UTC,2026-04-08,79,24,2026-04-07 11:08 EDT
KMIA,Miami International,2026-04-07 16:59 UTC,2026-04-08,79,24,2026-04-07 12:59 EDT
KMIA,Miami International,2026-04-07 19:03 UTC,2026-04-08,79,24,2026-04-07 15:04 EDT
KMIA,Miami International,2026-04-07 20:48 UTC,2026-04-08,79,24,2026-04-07 16:48 EDT
KMIA,Miami International,2026-04-07 23:07 UTC,2026-04-08,79,24,2026-04-07 19:08 EDT
KMIA,Miami International,2026-04-08 05:47 UTC,2026-04-09,77,24,2026-04-08 01:48 EDT
KMIA,Miami International,2026-04-08 07:20 UTC,2026-04-09,76,24,2026-04-08 03:20 EDT
KMIA,Miami International,2026-04-08 09:01 UTC,2026-04-09,76,24,2026-04-08 05:01 EDT
KMIA,Miami International,2026-04-08 13:24 UTC,2026-04-09,76,24,2026-04-08 09:24 EDT
KMIA,Miami International,2026-04-08 15:11 UTC,2026-04-09,76,24,2026-04-08 11:11 EDT
KMIA,Miami International,2026-04-08 17:02 UTC,2026-04-09,76,24,2026-04-08 13:02 EDT
KMIA,Miami International,2026-04-08 19:16 UTC,2026-04-09,76,24,2026-04-08 15:16 EDT
KMIA,Miami International,2026-04-08 20:42 UTC,2026-04-09,76,24,2026-04-08 16:43 EDT
KMIA,Miami International,2026-04-08 22:39 UTC,2026-04-09,76,24,2026-04-08 18:39 EDT
KMIA,Miami International,2026-04-09 05:49 UTC,2026-04-10,77,24,2026-04-09 01:49 EDT
KMIA,Miami International,2026-04-09 07:22 UTC,2026-04-10,78,24,2026-04-09 03:22 EDT
KMIA,Miami International,2026-04-09 09:07 UTC,2026-04-10,78,24,2026-04-09 05:07 EDT
KMIA,Miami International,2026-04-09 13:27 UTC,2026-04-10,78,24,2026-04-09 09:27 EDT
KMIA,Miami International,2026-04-09 15:24 UTC,2026-04-10,78,24,2026-04-09 11:24 EDT
KMIA,Miami International,2026-04-09 17:08 UTC,2026-04-10,78,24,2026-04-09 13:08 EDT
KMIA,Miami International,2026-04-09 19:07 UTC,2026-04-10,79,24,2026-04-09 15:07 EDT
KMIA,Miami International,2026-04-09 20:52 UTC,2026-04-10,79,24,2026-04-09 16:52 EDT
KMIA,Miami International,2026-04-09 22:41 UTC,2026-04-10,79,24,2026-04-09 18:41 EDT
KMIA,Miami International,2026-04-10 05:58 UTC,2026-04-11,79,24,2026-04-10 01:58 EDT
KMIA,Miami International,2026-04-10 07:51 UTC,2026-04-11,78,24,2026-04-10 03:51 EDT
KMIA,Miami International,2026-04-10 09:12 UTC,2026-04-11,78,24,2026-04-10 05:12 EDT
KMIA,Miami International,2026-04-10 15:12 UTC,2026-04-11,78,24,2026-04-10 11:12 EDT
KMIA,Miami International,2026-04-10 16:52 UTC,2026-04-11,78,24,2026-04-10 12:52 EDT
KMIA,Miami International,2026-04-10 20:36 UTC,2026-04-11,78,24,2026-04-10 16:36 EDT
KMIA,Miami International,2026-04-10 22:38 UTC,2026-04-11,78,24,2026-04-10 18:38 EDT
KMIA,Miami International,2026-04-11 05:25 UTC,2026-04-12,79,24,2026-04-11 01:25 EDT
KMIA,Miami International,2026-04-11 07:02 UTC,2026-04-12,79,24,2026-04-11 03:02 EDT
KMIA,Miami International,2026-04-11 08:43 UTC,2026-04-12,79,24,2026-04-11 04:43 EDT
KMIA,Miami International,2026-04-11 10:34 UTC,2026-04-12,79,24,2026-04-11 06:34 EDT
KMIA,Miami International,2026-04-11 12:58 UTC,2026-04-12,79,24,2026-04-11 08:58 EDT
KMIA,Miami International,2026-04-11 14:37 UTC,2026-04-12,79,24,2026-04-11 10:37 EDT
KMIA,Miami International,2026-04-11 16:37 UTC,2026-04-12,79,24,2026-04-11 12:37 EDT
KMIA,Miami International,2026-04-11 18:44 UTC,2026-04-12,80,24,2026-04-11 14:44 EDT
KMIA,Miami International,2026-04-11 20:33 UTC,2026-04-12,80,24,2026-04-11 16:34 EDT
KMIA,Miami International,2026-04-11 22:33 UTC,2026-04-12,80,24,2026-04-11 18:33 EDT
KMIA,Miami International,2026-04-12 05:54 UTC,2026-04-13,80,24,2026-04-12 01:54 EDT
KMIA,Miami International,2026-04-12 07:14 UTC,2026-04-13,80,24,2026-04-12 03:14 EDT
KMIA,Miami International,2026-04-12 08:48 UTC,2026-04-13,80,24,2026-04-12 04:48 EDT
KMIA,Miami International,2026-04-12 10:38 UTC,2026-04-13,80,24,2026-04-12 06:38 EDT
KMIA,Miami International,2026-04-12 13:01 UTC,2026-04-13,80,24,2026-04-12 09:01 EDT
KMIA,Miami International,2026-04-12 14:40 UTC,2026-04-13,80,24,2026-04-12 10:40 EDT
KMIA,Miami International,2026-04-12 16:39 UTC,2026-04-13,80,24,2026-04-12 12:39 EDT
KMIA,Miami International,2026-04-12 18:50 UTC,2026-04-13,79,24,2026-04-12 14:50 EDT
KMIA,Miami International,2026-04-12 20:36 UTC,2026-04-13,79,24,2026-04-12 16:36 EDT
KMIA,Miami International,2026-04-12 22:34 UTC,2026-04-13,79,24,2026-04-12 18:34 EDT
KMIA,Miami International,2026-04-13 06:23 UTC,2026-04-14,80,24,2026-04-13 02:23 EDT
KMIA,Miami International,2026-04-13 09:55 UTC,2026-04-14,80,24,2026-04-13 05:55 EDT
KMIA,Miami International,2026-04-13 13:26 UTC,2026-04-14,80,24,2026-04-13 09:26 EDT
KMIA,Miami International,2026-04-13 15:16 UTC,2026-04-14,80,24,2026-04-13 11:16 EDT
KMIA,Miami International,2026-04-13 17:10 UTC,2026-04-14,80,24,2026-04-13 13:10 EDT
KMIA,Miami International,2026-04-13 19:16 UTC,2026-04-14,80,24,2026-04-13 15:16 EDT
KMIA,Miami International,2026-04-13 21:00 UTC,2026-04-14,80,24,2026-04-13 17:01 EDT
KMIA,Miami International,2026-04-13 22:43 UTC,2026-04-14,80,24,2026-04-13 18:43 EDT
KMIA,Miami International,2026-04-14 06:02 UTC,2026-04-15,81,24,2026-04-14 02:02 EDT
KMIA,Miami International,2026-04-14 08:01 UTC,2026-04-15,80,24,2026-04-14 04:01 EDT
KMIA,Miami International,2026-04-14 15:14 UTC,2026-04-15,80,24,2026-04-14 11:14 EDT
KMIA,Miami International,2026-04-14 17:07 UTC,2026-04-15,80,24,2026-04-14 13:07 EDT
KMIA,Miami International,2026-04-14 19:15 UTC,2026-04-15,79,24,2026-04-14 15:15 EDT
KMIA,Miami International,2026-04-14 20:54 UTC,2026-04-15,79,24,2026-04-14 16:54 EDT
KMIA,Miami International,2026-04-14 22:45 UTC,2026-04-15,79,24,2026-04-14 18:45 EDT
KMIA,Miami International,2026-04-15 06:01 UTC,2026-04-16,82,24,2026-04-15 02:01 EDT
KMIA,Miami International,2026-04-15 08:02 UTC,2026-04-16,82,24,2026-04-15 04:02 EDT
KMIA,Miami International,2026-04-15 11:03 UTC,2026-04-16,82,24,2026-04-15 07:03 EDT
KMIA,Miami International,2026-04-15 13:24 UTC,2026-04-16,82,24,2026-04-15 09:24 EDT
KMIA,Miami International,2026-04-15 15:06 UTC,2026-04-16,82,24,2026-04-15 11:07 EDT
KMIA,Miami International,2026-04-15 17:18 UTC,2026-04-16,82,24,2026-04-15 13:19 EDT
KMIA,Miami International,2026-04-15 19:35 UTC,2026-04-16,81,24,2026-04-15 15:35 EDT
KMIA,Miami International,2026-04-15 20:48 UTC,2026-04-16,81,24,2026-04-15 16:48 EDT
KMIA,Miami International,2026-04-15 22:41 UTC,2026-04-16,81,24,2026-04-15 18:41 EDT
KMIA,Miami International,2026-04-16 06:02 UTC,2026-04-17,84,24,2026-04-16 02:02 EDT
KMIA,Miami International,2026-04-16 09:30 UTC,2026-04-17,84,24,2026-04-16 05:30 EDT
KMIA,Miami International,2026-04-16 13:30 UTC,2026-04-17,84,24,2026-04-16 09:30 EDT
KMIA,Miami International,2026-04-16 15:27 UTC,2026-04-17,84,24,2026-04-16 11:27 EDT
KMIA,Miami International,2026-04-16 17:14 UTC,2026-04-17,84,24,2026-04-16 13:14 EDT
KMIA,Miami International,2026-04-16 19:13 UTC,2026-04-17,83,24,2026-04-16 15:13 EDT
KMIA,Miami International,2026-04-16 20:48 UTC,2026-04-17,83,24,2026-04-16 16:49 EDT
KMIA,Miami International,2026-04-16 22:40 UTC,2026-04-17,83,24,2026-04-16 18:41 EDT
KMIA,Miami International,2026-04-17 06:03 UTC,2026-04-18,85,24,2026-04-17 02:04 EDT
KMIA,Miami International,2026-04-17 09:20 UTC,2026-04-18,85,24,2026-04-17 05:20 EDT
KMIA,Miami International,2026-04-17 10:56 UTC,2026-04-18,85,24,2026-04-17 06:56 EDT
KMIA,Miami International,2026-04-17 13:19 UTC,2026-04-18,85,24,2026-04-17 09:19 EDT
KMIA,Miami International,2026-04-17 14:56 UTC,2026-04-18,85,24,2026-04-17 10:56 EDT
KMIA,Miami International,2026-04-17 16:55 UTC,2026-04-18,85,24,2026-04-17 12:55 EDT
KMIA,Miami International,2026-04-17 19:00 UTC,2026-04-18,85,24,2026-04-17 15:01 EDT
KMIA,Miami International,2026-04-17 20:44 UTC,2026-04-18,85,24,2026-04-17 16:44 EDT
KMIA,Miami International,2026-04-17 22:39 UTC,2026-04-18,85,24,2026-04-17 18:39 EDT
KMIA,Miami International,2026-04-18 05:42 UTC,2026-04-19,85,24,2026-04-18 01:42 EDT
KMIA,Miami International,2026-04-18 07:08 UTC,2026-04-19,85,24,2026-04-18 03:08 EDT
KMIA,Miami International,2026-04-18 08:51 UTC,2026-04-19,85,24,2026-04-18 04:51 EDT
KMIA,Miami International,2026-04-18 13:02 UTC,2026-04-19,85,24,2026-04-18 09:02 EDT
KMIA,Miami International,2026-04-18 14:40 UTC,2026-04-19,85,24,2026-04-18 10:40 EDT
KMIA,Miami International,2026-04-18 16:41 UTC,2026-04-19,85,24,2026-04-18 12:41 EDT
KMIA,Miami International,2026-04-18 18:52 UTC,2026-04-19,86,24,2026-04-18 14:52 EDT
KMIA,Miami International,2026-04-18 20:37 UTC,2026-04-19,86,24,2026-04-18 16:37 EDT
KMIA,Miami International,2026-04-18 22:35 UTC,2026-04-19,86,24,2026-04-18 18:35 EDT
KMIA,Miami International,2026-04-19 05:58 UTC,2026-04-20,82,24,2026-04-19 01:58 EDT
KMIA,Miami International,2026-04-19 07:46 UTC,2026-04-20,82,24,2026-04-19 03:46 EDT
KMIA,Miami International,2026-04-19 09:12 UTC,2026-04-20,82,24,2026-04-19 05:12 EDT
KMIA,Miami International,2026-04-19 10:39 UTC,2026-04-20,82,24,2026-04-19 06:39 EDT
KMIA,Miami International,2026-04-19 13:01 UTC,2026-04-20,82,24,2026-04-19 09:02 EDT
KMIA,Miami International,2026-04-19 14:40 UTC,2026-04-20,82,24,2026-04-19 10:40 EDT
KMIA,Miami International,2026-04-19 16:40 UTC,2026-04-20,82,24,2026-04-19 12:40 EDT
KMIA,Miami International,2026-04-19 18:51 UTC,2026-04-20,81,24,2026-04-19 14:51 EDT
KMIA,Miami International,2026-04-19 20:38 UTC,2026-04-20,81,24,2026-04-19 16:38 EDT
KMIA,Miami International,2026-04-19 22:36 UTC,2026-04-20,81,24,2026-04-19 18:36 EDT
KMIA,Miami International,2026-04-20 06:14 UTC,2026-04-21,78,24,2026-04-20 02:15 EDT
KMIA,Miami International,2026-04-20 09:58 UTC,2026-04-21,77,24,2026-04-20 05:59 EDT
KMIA,Miami International,2026-04-20 11:24 UTC,2026-04-21,77,24,2026-04-20 07:24 EDT
KMIA,Miami International,2026-04-20 13:29 UTC,2026-04-21,77,24,2026-04-20 09:29 EDT
KMIA,Miami International,2026-04-20 15:17 UTC,2026-04-21,77,24,2026-04-20 11:17 EDT
KMIA,Miami International,2026-04-20 17:04 UTC,2026-04-21,78,24,2026-04-20 13:04 EDT
KMIA,Miami International,2026-04-20 19:09 UTC,2026-04-21,78,24,2026-04-20 15:09 EDT
KMIA,Miami International,2026-04-20 20:45 UTC,2026-04-21,77,24,2026-04-20 16:45 EDT
KMIA,Miami International,2026-04-20 22:43 UTC,2026-04-21,77,24,2026-04-20 18:43 EDT
