station_id,station_name,forecast_issued_utc,forecast_issued_local,forecast_for_date,forecast_high_f,n_hours_in_forecast
KATL,Atlanta Hartsfield,2026-04-04 05:22 UTC,2026-04-04 01:22 EDT,2026-04-05,69,24
KATL,Atlanta Hartsfield,2026-04-04 07:01 UTC,2026-04-04 03:02 EDT,2026-04-05,69,24
KATL,Atlanta Hartsfield,2026-04-04 08:41 UTC,2026-04-04 04:41 EDT,2026-04-05,69,24
KATL,Atlanta Hartsfield,2026-04-04 10:33 UTC,2026-04-04 06:33 EDT,2026-04-05,69,24
KATL,Atlanta Hartsfield,2026-04-04 12:55 UTC,2026-04-04 08:55 EDT,2026-04-05,69,24
KATL,Atlanta Hartsfield,2026-04-04 14:34 UTC,2026-04-04 10:34 EDT,2026-04-05,69,24
KATL,Atlanta Hartsfield,2026-04-04 16:36 UTC,2026-04-04 12:36 EDT,2026-04-05,69,24
KATL,Atlanta Hartsfield,2026-04-04 18:42 UTC,2026-04-04 14:42 EDT,2026-04-05,70,24
KATL,Atlanta Hartsfield,2026-04-04 20:32 UTC,2026-04-04 16:32 EDT,2026-04-05,70,24
KATL,Atlanta Hartsfield,2026-04-04 22:30 UTC,2026-04-04 18:30 EDT,2026-04-05,70,24
KATL,Atlanta Hartsfield,2026-04-05 05:45 UTC,2026-04-05 01:45 EDT,2026-04-06,70,24
KATL,Atlanta Hartsfield,2026-04-05 07:06 UTC,2026-04-05 03:06 EDT,2026-04-06,69,24
KATL,Atlanta Hartsfield,2026-04-05 08:42 UTC,2026-04-05 04:43 EDT,2026-04-06,69,24
KATL,Atlanta Hartsfield,2026-04-05 10:34 UTC,2026-04-05 06:34 EDT,2026-04-06,69,24
KATL,Atlanta Hartsfield,2026-04-05 12:57 UTC,2026-04-05 08:57 EDT,2026-04-06,69,24
KATL,Atlanta Hartsfield,2026-04-05 14:37 UTC,2026-04-05 10:37 EDT,2026-04-06,69,24
KATL,Atlanta Hartsfield,2026-04-05 16:37 UTC,2026-04-05 12:37 EDT,2026-04-06,69,24
KATL,Atlanta Hartsfield,2026-04-05 18:44 UTC,2026-04-05 14:44 EDT,2026-04-06,69,24
KATL,Atlanta Hartsfield,2026-04-05 20:33 UTC,2026-04-05 16:34 EDT,2026-04-06,69,24
KATL,Atlanta Hartsfield,2026-04-05 22:31 UTC,2026-04-05 18:31 EDT,2026-04-06,69,24
KATL,Atlanta Hartsfield,2026-04-06 05:59 UTC,2026-04-06 01:59 EDT,2026-04-07,74,24
KATL,Atlanta Hartsfield,2026-04-06 07:58 UTC,2026-04-06 03:59 EDT,2026-04-07,74,24
KATL,Atlanta Hartsfield,2026-04-06 09:17 UTC,2026-04-06 05:17 EDT,2026-04-07,74,24
KATL,Atlanta Hartsfield,2026-04-06 10:57 UTC,2026-04-06 06:57 EDT,2026-04-07,74,24
KATL,Atlanta Hartsfield,2026-04-06 13:10 UTC,2026-04-06 09:10 EDT,2026-04-07,74,24
KATL,Atlanta Hartsfield,2026-04-06 14:47 UTC,2026-04-06 10:47 EDT,2026-04-07,74,24
KATL,Atlanta Hartsfield,2026-04-06 18:59 UTC,2026-04-06 14:59 EDT,2026-04-07,74,24
KATL,Atlanta Hartsfield,2026-04-06 20:38 UTC,2026-04-06 16:38 EDT,2026-04-07,74,24
KATL,Atlanta Hartsfield,2026-04-06 22:37 UTC,2026-04-06 18:38 EDT,2026-04-07,74,24
KATL,Atlanta Hartsfield,2026-04-07 05:47 UTC,2026-04-07 01:47 EDT,2026-04-08,67,24
KATL,Atlanta Hartsfield,2026-04-07 07:17 UTC,2026-04-07 03:18 EDT,2026-04-08,67,24
KATL,Atlanta Hartsfield,2026-04-07 09:24 UTC,2026-04-07 05:24 EDT,2026-04-08,67,24
KATL,Atlanta Hartsfield,2026-04-07 10:55 UTC,2026-04-07 06:55 EDT,2026-04-08,67,24
KATL,Atlanta Hartsfield,2026-04-07 13:19 UTC,2026-04-07 09:19 EDT,2026-04-08,67,24
KATL,Atlanta Hartsfield,2026-04-07 15:08 UTC,2026-04-07 11:09 EDT,2026-04-08,67,24
KATL,Atlanta Hartsfield,2026-04-07 16:59 UTC,2026-04-07 12:59 EDT,2026-04-08,67,24
KATL,Atlanta Hartsfield,2026-04-07 19:03 UTC,2026-04-07 15:04 EDT,2026-04-08,68,24
KATL,Atlanta Hartsfield,2026-04-07 20:48 UTC,2026-04-07 16:48 EDT,2026-04-08,68,24
KATL,Atlanta Hartsfield,2026-04-07 23:07 UTC,2026-04-07 19:08 EDT,2026-04-08,68,24
KATL,Atlanta Hartsfield,2026-04-08 05:47 UTC,2026-04-08 01:48 EDT,2026-04-09,71,24
KATL,Atlanta Hartsfield,2026-04-08 07:20 UTC,2026-04-08 03:21 EDT,2026-04-09,71,24
KATL,Atlanta Hartsfield,2026-04-08 09:01 UTC,2026-04-08 05:02 EDT,2026-04-09,71,24
KATL,Atlanta Hartsfield,2026-04-08 13:24 UTC,2026-04-08 09:24 EDT,2026-04-09,71,24
KATL,Atlanta Hartsfield,2026-04-08 15:11 UTC,2026-04-08 11:11 EDT,2026-04-09,71,24
KATL,Atlanta Hartsfield,2026-04-08 17:02 UTC,2026-04-08 13:02 EDT,2026-04-09,71,24
KATL,Atlanta Hartsfield,2026-04-08 19:16 UTC,2026-04-08 15:16 EDT,2026-04-09,71,24
KATL,Atlanta Hartsfield,2026-04-08 20:42 UTC,2026-04-08 16:43 EDT,2026-04-09,71,24
KATL,Atlanta Hartsfield,2026-04-08 22:39 UTC,2026-04-08 18:40 EDT,2026-04-09,71,24
KATL,Atlanta Hartsfield,2026-04-09 05:49 UTC,2026-04-09 01:49 EDT,2026-04-10,77,24
KATL,Atlanta Hartsfield,2026-04-09 07:22 UTC,2026-04-09 03:22 EDT,2026-04-10,78,24
KATL,Atlanta Hartsfield,2026-04-09 09:07 UTC,2026-04-09 05:08 EDT,2026-04-10,78,24
KATL,Atlanta Hartsfield,2026-04-09 13:27 UTC,2026-04-09 09:27 EDT,2026-04-10,78,24
KATL,Atlanta Hartsfield,2026-04-09 15:24 UTC,2026-04-09 11:25 EDT,2026-04-10,78,24
