station_id,station_name,series_ticker,event_ticker,market_date,winning_ticker,yes_sub_title,no_sub_title,result,close_time,volume_fp
KATL,Atlanta Hartsfield,KXHIGHTATL,KXHIGHTATL-26APR03,2026-04-03,KXHIGHTATL-26APR03-B83.5,83° to 84°,83° to 84°,yes,2026-04-04T05:00:00Z,9866.00
KAUS,Austin Bergstrom,KXHIGHAUS,KXHIGHAUS-26APR03,2026-04-03,KXHIGHAUS-26APR03-T85,84° or below,84° or below,yes,2026-04-04T05:59:00Z,28321.00
KBOS,Boston Logan,KXHIGHTBOS,KXHIGHTBOS-26APR03,2026-04-03,KXHIGHTBOS-26APR03-B68.5,68° to 69°,68° to 69°,yes,2026-04-04T05:00:00Z,29757.00
KDCA,Washington Reagan National,KXHIGHTDC,KXHIGHTDC-26APR03,2026-04-03,KXHIGHTDC-26APR03-B82.5,82° to 83°,82° to 83°,yes,2026-04-04T05:00:00Z,10320.00
KDEN,Denver International,KXHIGHDEN,KXHIGHDEN-26APR03,2026-04-03,KXHIGHDEN-26APR03-B53.5,53° to 54°,53° to 54°,yes,2026-04-04T06:59:00Z,17822.00
KDFW,Dallas Fort Worth,KXHIGHTDAL,KXHIGHTDAL-26APR03,2026-04-03,KXHIGHTDAL-26APR03-B84.5,84° to 85°,84° to 85°,yes,2026-04-04T06:00:00Z,18622.00
KHOU,Houston Hobby,KXHIGHTHOU,KXHIGHTHOU-26APR03,2026-04-03,KXHIGHTHOU-26APR03-B85.5,85° to 86°,85° to 86°,yes,2026-04-04T06:00:00Z,8493.00
KLAS,Las Vegas Reid International,KXHIGHTLV,KXHIGHTLV-26APR03,2026-04-03,KXHIGHTLV-26APR03-T72,71° or below,71° or below,yes,2026-04-04T08:00:00Z,16108.00
KLAX,Los Angeles International,KXHIGHLAX,KXHIGHLAX-26APR03,2026-04-03,KXHIGHLAX-26APR03-B78.5,78° to 79°,78° to 79°,yes,2026-04-04T07:59:00Z,129373.00
KMIA,Miami International,KXHIGHMIA,KXHIGHMIA-26APR03,2026-04-03,KXHIGHMIA-26APR03-B84.5,84° to 85°,84° to 85°,yes,2026-04-04T04:59:00Z,53014.00
KMSP,Minneapolis St Paul,KXHIGHTMIN,KXHIGHTMIN-26APR03,2026-04-03,KXHIGHTMIN-26APR03-B40.5,40° to 41°,40° to 41°,yes,2026-04-04T06:00:00Z,15002.00
KMSY,New Orleans Armstrong,KXHIGHTNOLA,KXHIGHTNOLA-26APR03,2026-04-03,KXHIGHTNOLA-26APR03-B83.5,83° to 84°,83° to 84°,yes,2026-04-04T06:00:00Z,4551.00
KNYC,New York Central Park,KXHIGHNY,KXHIGHNY-26APR03,2026-04-03,KXHIGHNY-26APR03-B65.5,65° to 66°,65° to 66°,yes,2026-04-04T04:59:00Z,57887.00
KOKC,Oklahoma City Will Rogers,KXHIGHTOKC,KXHIGHTOKC-26APR03,2026-04-03,KXHIGHTOKC-26APR03-B80.5,80° to 81°,80° to 81°,yes,2026-04-04T06:00:00Z,11907.00
KORD,Chicago OHare,KXHIGHCHI,KXHIGHCHI-26APR03,2026-04-03,KXHIGHCHI-26APR03-B62.5,62° to 63°,62° to 63°,yes,2026-04-04T05:59:00Z,50405.00
KPHL,Philadelphia International,KXHIGHPHIL,KXHIGHPHIL-26APR03,2026-04-03,KXHIGHPHIL-26APR03-T73,72° or below,72° or below,yes,2026-04-04T04:59:00Z,19494.00
KPHX,Phoenix Sky Harbor,KXHIGHTPHX,KXHIGHTPHX-26APR03,2026-04-03,KXHIGHTPHX-26APR03-B88.5,88° to 89°,88° to 89°,yes,2026-04-04T07:00:00Z,12414.00
KSAT,San Antonio International,KXHIGHTSATX,KXHIGHTSATX-26APR03,2026-04-03,KXHIGHTSATX-26APR03-T86,85° or below,85° or below,yes,2026-04-04T06:00:00Z,9229.00
KSEA,Seattle Tacoma,KXHIGHTSEA,KXHIGHTSEA-26APR03,2026-04-03,KXHIGHTSEA-26APR03-B58.5,58° to 59°,58° to 59°,yes,2026-04-04T08:00:00Z,10433.00
KSFO,San Francisco International,KXHIGHTSFO,KXHIGHTSFO-26APR03,2026-04-03,KXHIGHTSFO-26APR03-B73.5,73° to 74°,73° to 74°,yes,2026-04-04T08:00:00Z,8448.00
KATL,Atlanta Hartsfield,KXHIGHTATL,KXHIGHTATL-26APR04,2026-04-04,KXHIGHTATL-26APR04-B85.5,85° to 86°,85° to 86°,yes,2026-04-05T05:00:00Z,7772.00
KAUS,Austin Bergstrom,KXHIGHAUS,KXHIGHAUS-26APR04,2026-04-04,KXHIGHAUS-26APR04-B77.5,77° to 78°,77° to 78°,yes,2026-04-05T05:59:00Z,21777.00
KBOS,Boston Logan,KXHIGHTBOS,KXHIGHTBOS-26APR04,2026-04-04,KXHIGHTBOS-26APR04-B62.5,62° to 63°,62° to 63°,yes,2026-04-05T05:00:00Z,14140.00
KDCA,Washington Reagan National,KXHIGHTDC,KXHIGHTDC-26APR04,2026-04-04,KXHIGHTDC-26APR04-B84.5,84° to 85°,84° to 85°,yes,2026-04-05T05:00:00Z,14073.00
KDEN,Denver International,KXHIGHDEN,KXHIGHDEN-26APR04,2026-04-04,KXHIGHDEN-26APR04-T61,60° or below,60° or below,yes,2026-04-05T06:59:00Z,23490.00
KDFW,Dallas Fort Worth,KXHIGHTDAL,KXHIGHTDAL-26APR04,2026-04-04,KXHIGHTDAL-26APR04-B74.5,74° to 75°,74° to 75°,yes,2026-04-05T06:00:00Z,38596.00
KHOU,Houston Hobby,KXHIGHTHOU,KXHIGHTHOU-26APR04,2026-04-04,KXHIGHTHOU-26APR04-B81.5,81° to 82°,81° to 82°,yes,2026-04-05T06:00:00Z,12575.00
KLAS,Las Vegas Reid International,KXHIGHTLV,KXHIGHTLV-26APR04,2026-04-04,KXHIGHTLV-26APR04-B78.5,78° to 79°,78° to 79°,yes,2026-04-05T08:00:00Z,12346.00
KLAX,Los Angeles International,KXHIGHLAX,KXHIGHLAX-26APR04,2026-04-04,KXHIGHLAX-26APR04-T85,86° or above,86° or above,yes,2026-04-05T07:59:00Z,67555.00
KMIA,Miami International,KXHIGHMIA,KXHIGHMIA-26APR04,2026-04-04,KXHIGHMIA-26APR04-B82.5,82° to 83°,82° to 83°,yes,2026-04-05T04:59:00Z,35959.00
KMSP,Minneapolis St Paul,KXHIGHTMIN,KXHIGHTMIN-26APR04,2026-04-04,KXHIGHTMIN-26APR04-B38.5,38° to 39°,38° to 39°,yes,2026-04-05T06:00:00Z,9922.00
KMSY,New Orleans Armstrong,KXHIGHTNOLA,KXHIGHTNOLA-26APR04,2026-04-04,KXHIGHTNOLA-26APR04-B82.5,82° to 83°,82° to 83°,yes,2026-04-05T06:00:00Z,9637.00
KNYC,New York Central Park,KXHIGHNY,KXHIGHNY-26APR04,2026-04-04,KXHIGHNY-26APR04-B72.5,72° to 73°,72° to 73°,yes,2026-04-05T04:59:00Z,102827.00
KOKC,Oklahoma City Will Rogers,KXHIGHTOKC,KXHIGHTOKC-26APR04,2026-04-04,KXHIGHTOKC-26APR04-B63.5,63° to 64°,63° to 64°,yes,2026-04-05T06:00:00Z,6604.00
KORD,Chicago OHare,KXHIGHCHI,KXHIGHCHI-26APR04,2026-04-04,KXHIGHCHI-26APR04-B59.5,59° to 60°,59° to 60°,yes,2026-04-05T05:59:00Z,32872.00
KPHL,Philadelphia International,KXHIGHPHIL,KXHIGHPHIL-26APR04,2026-04-04,KXHIGHPHIL-26APR04-B84.5,84° to 85°,84° to 85°,yes,2026-04-05T04:59:00Z,14706.00
KPHX,Phoenix Sky Harbor,KXHIGHTPHX,KXHIGHTPHX-26APR04,2026-04-04,KXHIGHTPHX-26APR04-B90.5,90° to 91°,90° to 91°,yes,2026-04-05T07:00:00Z,16507.00
KSAT,San Antonio International,KXHIGHTSATX,KXHIGHTSATX-26APR04,2026-04-04,KXHIGHTSATX-26APR04-B79.5,79° to 80°,79° to 80°,yes,2026-04-05T06:00:00Z,6994.00
KSEA,Seattle Tacoma,KXHIGHTSEA,KXHIGHTSEA-26APR04,2026-04-04,KXHIGHTSEA-26APR04-B63.5,63° to 64°,63° to 64°,yes,2026-04-05T08:00:00Z,8592.00
KSFO,San Francisco International,KXHIGHTSFO,KXHIGHTSFO-26APR04,2026-04-04,KXHIGHTSFO-26APR04-B80.5,80° to 81°,80° to 81°,yes,2026-04-05T08:00:00Z,20646.00
KATL,Atlanta Hartsfield,KXHIGHTATL,KXHIGHTATL-26APR05,2026-04-05,KXHIGHTATL-26APR05-B71.5,71° to 72°,71° to 72°,yes,2026-04-06T05:00:00Z,11430.00
KAUS,Austin Bergstrom,KXHIGHAUS,KXHIGHAUS-26APR05,2026-04-05,KXHIGHAUS-26APR05-B64.5,64° to 65°,64° to 65°,yes,2026-04-06T05:59:00Z,27604.00
KBOS,Boston Logan,KXHIGHTBOS,KXHIGHTBOS-26APR05,2026-04-05,KXHIGHTBOS-26APR05-T61,60° or below,60° or below,yes,2026-04-06T05:00:00Z,11541.00
KDCA,Washington Reagan National,KXHIGHTDC,KXHIGHTDC-26APR05,2026-04-05,KXHIGHTDC-26APR05-B73.5,73° to 74°,73° to 74°,yes,2026-04-06T05:00:00Z,31188.00
KDEN,Denver International,KXHIGHDEN,KXHIGHDEN-26APR05,2026-04-05,KXHIGHDEN-26APR05-B66.5,66° to 67°,66° to 67°,yes,2026-04-06T06:59:00Z,22477.00
KDFW,Dallas Fort Worth,KXHIGHTDAL,KXHIGHTDAL-26APR05,2026-04-05,KXHIGHTDAL-26APR05-B70.5,70° to 71°,70° to 71°,yes,2026-04-06T06:00:00Z,11821.00
KHOU,Houston Hobby,KXHIGHTHOU,KXHIGHTHOU-26APR05,2026-04-05,KXHIGHTHOU-26APR05-B67.5,67° to 68°,67° to 68°,yes,2026-04-06T06:00:00Z,9146.00
KLAS,Las Vegas Reid International,KXHIGHTLV,KXHIGHTLV-26APR05,2026-04-05,KXHIGHTLV-26APR05-B83.5,83° to 84°,83° to 84°,yes,2026-04-06T08:00:00Z,21932.00
KLAX,Los Angeles International,KXHIGHLAX,KXHIGHLAX-26APR05,2026-04-05,KXHIGHLAX-26APR05-B78.5,78° to 79°,78° to 79°,yes,2026-04-06T07:59:00Z,92483.00
KMIA,Miami International,KXHIGHMIA,KXHIGHMIA-26APR05,2026-04-05,KXHIGHMIA-26APR05-B83.5,83° to 84°,83° to 84°,yes,2026-04-06T04:59:00Z,44708.00
KMSP,Minneapolis St Paul,KXHIGHTMIN,KXHIGHTMIN-26APR05,2026-04-05,KXHIGHTMIN-26APR05-B52.5,52° to 53°,52° to 53°,yes,2026-04-06T06:00:00Z,10649.00
KMSY,New Orleans Armstrong,KXHIGHTNOLA,KXHIGHTNOLA-26APR05,2026-04-05,KXHIGHTNOLA-26APR05-B72.5,72° to 73°,72° to 73°,yes,2026-04-06T06:00:00Z,3582.00
KNYC,New York Central Park,KXHIGHNY,KXHIGHNY-26APR05,2026-04-05,KXHIGHNY-26APR05-T60,59° or below,59° or below,yes,2026-04-06T04:59:00Z,65418.00
KOKC,Oklahoma City Will Rogers,KXHIGHTOKC,KXHIGHTOKC-26APR05,2026-04-05,KXHIGHTOKC-26APR05-B69.5,69° to 70°,69° to 70°,yes,2026-04-06T06:00:00Z,8035.00
KORD,Chicago OHare,KXHIGHCHI,KXHIGHCHI-26APR05,2026-04-05,KXHIGHCHI-26APR05-B52.5,52° to 53°,52° to 53°,yes,2026-04-06T05:59:00Z,30648.00
KPHL,Philadelphia International,KXHIGHPHIL,KXHIGHPHIL-26APR05,2026-04-05,KXHIGHPHIL-26APR05-B73.5,73° to 74°,73° to 74°,yes,2026-04-06T04:59:00Z,12364.00
KPHX,Phoenix Sky Harbor,KXHIGHTPHX,KXHIGHTPHX-26APR05,2026-04-05,KXHIGHTPHX-26APR05-B96.5,96° to 97°,96° to 97°,yes,2026-04-06T07:00:00Z,14853.00
KSAT,San Antonio International,KXHIGHTSATX,KXHIGHTSATX-26APR05,2026-04-05,KXHIGHTSATX-26APR05-B66.5,66° to 67°,66° to 67°,yes,2026-04-06T06:00:00Z,5831.00
KSEA,Seattle Tacoma,KXHIGHTSEA,KXHIGHTSEA-26APR05,2026-04-05,KXHIGHTSEA-26APR05-B67.5,67° to 68°,67° to 68°,yes,2026-04-06T08:00:00Z,8536.00
KSFO,San Francisco International,KXHIGHTSFO,KXHIGHTSFO-26APR05,2026-04-05,KXHIGHTSFO-26APR05-T79,80° or above,80° or above,yes,2026-04-06T08:00:00Z,25297.00
KATL,Atlanta Hartsfield,KXHIGHTATL,KXHIGHTATL-26APR06,2026-04-06,KXHIGHTATL-26APR06-B67.5,67° to 68°,67° to 68°,yes,2026-04-07T05:00:00Z,10210.00
KAUS,Austin Bergstrom,KXHIGHAUS,KXHIGHAUS-26APR06,2026-04-06,KXHIGHAUS-26APR06-B74.5,74° to 75°,74° to 75°,yes,2026-04-07T05:59:00Z,32187.00
KDCA,Washington Reagan National,KXHIGHTDC,KXHIGHTDC-26APR06,2026-04-06,KXHIGHTDC-26APR06-B62.5,62° to 63°,62° to 63°,yes,2026-04-07T05:00:00Z,7815.00
KDEN,Denver International,KXHIGHDEN,KXHIGHDEN-26APR06,2026-04-06,KXHIGHDEN-26APR06-B65.5,65° to 66°,65° to 66°,yes,2026-04-07T06:59:00Z,15866.00
KDFW,Dallas Fort Worth,KXHIGHTDAL,KXHIGHTDAL-26APR06,2026-04-06,KXHIGHTDAL-26APR06-B74.5,74° to 75°,74° to 75°,yes,2026-04-07T06:00:00Z,7982.00
KHOU,Houston Hobby,KXHIGHTHOU,KXHIGHTHOU-26APR06,2026-04-06,KXHIGHTHOU-26APR06-B73.5,73° to 74°,73° to 74°,yes,2026-04-07T06:00:00Z,5657.00
KLAS,Las Vegas Reid International,KXHIGHTLV,KXHIGHTLV-26APR06,2026-04-06,KXHIGHTLV-26APR06-B87.5,87° to 88°,87° to 88°,yes,2026-04-07T08:00:00Z,11520.00
KLAX,Los Angeles International,KXHIGHLAX,KXHIGHLAX-26APR06,2026-04-06,KXHIGHLAX-26APR06-T77,78° or above,78° or above,yes,2026-04-07T07:59:00Z,165907.00
KMIA,Miami International,KXHIGHMIA,KXHIGHMIA-26APR06,2026-04-06,KXHIGHMIA-26APR06-B84.5,84° to 85°,84° to 85°,yes,2026-04-07T04:59:00Z,52730.00
KMSP,Minneapolis St Paul,KXHIGHTMIN,KXHIGHTMIN-26APR06,2026-04-06,KXHIGHTMIN-26APR06-B42.5,42° to 43°,42° to 43°,yes,2026-04-07T06:00:00Z,9132.00
KMSY,New Orleans Armstrong,KXHIGHTNOLA,KXHIGHTNOLA-26APR06,2026-04-06,KXHIGHTNOLA-26APR06-B67.5,67° to 68°,67° to 68°,yes,2026-04-07T06:00:00Z,5074.00
KNYC,New York Central Park,KXHIGHNY,KXHIGHNY-26APR06,2026-04-06,KXHIGHNY-26APR06-B56.5,56° to 57°,56° to 57°,yes,2026-04-07T04:59:00Z,127750.00
KOKC,Oklahoma City Will Rogers,KXHIGHTOKC,KXHIGHTOKC-26APR06,2026-04-06,KXHIGHTOKC-26APR06-B72.5,72° to 73°,72° to 73°,yes,2026-04-07T06:00:00Z,10105.00
KORD,Chicago OHare,KXHIGHCHI,KXHIGHCHI-26APR06,2026-04-06,KXHIGHCHI-26APR06-B51.5,51° to 52°,51° to 52°,yes,2026-04-07T05:59:00Z,23230.00
KPHL,Philadelphia International,KXHIGHPHIL,KXHIGHPHIL-26APR06,2026-04-06,KXHIGHPHIL-26APR06-B59.5,59° to 60°,59° to 60°,yes,2026-04-07T04:59:00Z,6714.00
KPHX,Phoenix Sky Harbor,KXHIGHTPHX,KXHIGHTPHX-26APR06,2026-04-06,KXHIGHTPHX-26APR06-B86.5,86° to 87°,86° to 87°,yes,2026-04-07T07:00:00Z,10265.00
KSAT,San Antonio International,KXHIGHTSATX,KXHIGHTSATX-26APR06,2026-04-06,KXHIGHTSATX-26APR06-B74.5,74° to 75°,74° to 75°,yes,2026-04-07T06:00:00Z,8496.00
KSEA,Seattle Tacoma,KXHIGHTSEA,KXHIGHTSEA-26APR06,2026-04-06,KXHIGHTSEA-26APR06-B72.5,72° to 73°,72° to 73°,yes,2026-04-07T08:00:00Z,16694.00
KSFO,San Francisco International,KXHIGHTSFO,KXHIGHTSFO-26APR06,2026-04-06,KXHIGHTSFO-26APR06-B62.5,62° to 63°,62° to 63°,yes,2026-04-07T08:00:00Z,20511.00
KATL,Atlanta Hartsfield,KXHIGHTATL,KXHIGHTATL-26APR07,2026-04-07,KXHIGHTATL-26APR07-B78.5,78° to 79°,78° to 79°,yes,2026-04-08T05:00:00Z,20181.00
KAUS,Austin Bergstrom,KXHIGHAUS,KXHIGHAUS-26APR07,2026-04-07,KXHIGHAUS-26APR07-B77.5,77° to 78°,77° to 78°,yes,2026-04-08T05:59:00Z,100644.00
KBOS,Boston Logan,KXHIGHTBOS,KXHIGHTBOS-26APR07,2026-04-07,KXHIGHTBOS-26APR07-B46.5,46° to 47°,46° to 47°,yes,2026-04-08T05:00:00Z,18759.00
KDCA,Washington Reagan National,KXHIGHTDC,KXHIGHTDC-26APR07,2026-04-07,KXHIGHTDC-26APR07-B58.5,58° to 59°,58° to 59°,yes,2026-04-08T05:00:00Z,13702.00
KDEN,Denver International,KXHIGHDEN,KXHIGHDEN-26APR07,2026-04-07,KXHIGHDEN-26APR07-B72.5,72° to 73°,72° to 73°,yes,2026-04-08T06:59:00Z,23870.00
KDFW,Dallas Fort Worth,KXHIGHTDAL,KXHIGHTDAL-26APR07,2026-04-07,KXHIGHTDAL-26APR07-B73.5,73° to 74°,73° to 74°,yes,2026-04-08T06:00:00Z,9750.00
KHOU,Houston Hobby,KXHIGHTHOU,KXHIGHTHOU-26APR07,2026-04-07,KXHIGHTHOU-26APR07-B75.5,75° to 76°,75° to 76°,yes,2026-04-08T06:00:00Z,6863.00
KLAS,Las Vegas Reid International,KXHIGHTLV,KXHIGHTLV-26APR07,2026-04-07,KXHIGHTLV-26APR07-B90.5,90° to 91°,90° to 91°,yes,2026-04-08T08:00:00Z,11995.00
KLAX,Los Angeles International,KXHIGHLAX,KXHIGHLAX-26APR07,2026-04-07,KXHIGHLAX-26APR07-B70.5,70° to 71°,70° to 71°,yes,2026-04-08T07:59:00Z,69198.00
KMIA,Miami International,KXHIGHMIA,KXHIGHMIA-26APR07,2026-04-07,KXHIGHMIA-26APR07-T81,82° or above,82° or above,yes,2026-04-08T04:59:00Z,60013.00
KMSP,Minneapolis St Paul,KXHIGHTMIN,KXHIGHTMIN-26APR07,2026-04-07,KXHIGHTMIN-26APR07-B43.5,43° to 44°,43° to 44°,yes,2026-04-08T06:00:00Z,9557.00
KMSY,New Orleans Armstrong,KXHIGHTNOLA,KXHIGHTNOLA-26APR07,2026-04-07,KXHIGHTNOLA-26APR07-B75.5,75° to 76°,75° to 76°,yes,2026-04-08T06:00:00Z,3742.00
KNYC,New York Central Park,KXHIGHNY,KXHIGHNY-26APR07,2026-04-07,KXHIGHNY-26APR07-T55,56° or above,56° or above,yes,2026-04-08T04:59:00Z,57710.00
KOKC,Oklahoma City Will Rogers,KXHIGHTOKC,KXHIGHTOKC-26APR07,2026-04-07,KXHIGHTOKC-26APR07-B70.5,70° to 71°,70° to 71°,yes,2026-04-08T06:00:00Z,13737.00
KORD,Chicago OHare,KXHIGHCHI,KXHIGHCHI-26APR07,2026-04-07,KXHIGHCHI-26APR07-B38.5,38° to 39°,38° to 39°,yes,2026-04-08T05:59:00Z,33748.00
KPHL,Philadelphia International,KXHIGHPHIL,KXHIGHPHIL-26APR07,2026-04-07,KXHIGHPHIL-26APR07-B56.5,56° to 57°,56° to 57°,yes,2026-04-08T04:59:00Z,8323.00
KPHX,Phoenix Sky Harbor,KXHIGHTPHX,KXHIGHTPHX-26APR07,2026-04-07,KXHIGHTPHX-26APR07-B93.5,93° to 94°,93° to 94°,yes,2026-04-08T07:00:00Z,12419.00
KSAT,San Antonio International,KXHIGHTSATX,KXHIGHTSATX-26APR07,2026-04-07,KXHIGHTSATX-26APR07-B78.5,78° to 79°,78° to 79°,yes,2026-04-08T06:00:00Z,6895.00
KSEA,Seattle Tacoma,KXHIGHTSEA,KXHIGHTSEA-26APR07,2026-04-07,KXHIGHTSEA-26APR07-B55.5,55° to 56°,55° to 56°,yes,2026-04-08T08:00:00Z,11559.00
KSFO,San Francisco International,KXHIGHTSFO,KXHIGHTSFO-26APR07,2026-04-07,KXHIGHTSFO-26APR07-B64.5,64° to 65°,64° to 65°,yes,2026-04-08T08:00:00Z,9324.00
KATL,Atlanta Hartsfield,KXHIGHTATL,KXHIGHTATL-26APR08,2026-04-08,KXHIGHTATL-26APR08-B69.5,69° to 70°,69° to 70°,yes,2026-04-09T05:00:00Z,7636.00
KAUS,Austin Bergstrom,KXHIGHAUS,KXHIGHAUS-26APR08,2026-04-08,KXHIGHAUS-26APR08-B82.5,82° to 83°,82° to 83°,yes,2026-04-09T05:59:00Z,35665.00
KBOS,Boston Logan,KXHIGHTBOS,KXHIGHTBOS-26APR08,2026-04-08,KXHIGHTBOS-26APR08-B40.5,40° to 41°,40° to 41°,yes,2026-04-09T05:00:00Z,13597.00
KDCA,Washington Reagan National,KXHIGHTDC,KXHIGHTDC-26APR08,2026-04-08,KXHIGHTDC-26APR08-B55.5,55° to 56°,55° to 56°,yes,2026-04-09T05:00:00Z,6911.00
KDEN,Denver International,KXHIGHDEN,KXHIGHDEN-26APR08,2026-04-08,KXHIGHDEN-26APR08-T71,70° or below,70° or below,yes,2026-04-09T06:59:00Z,23200.00
KDFW,Dallas Fort Worth,KXHIGHTDAL,KXHIGHTDAL-26APR08,2026-04-08,KXHIGHTDAL-26APR08-B78.5,78° to 79°,78° to 79°,yes,2026-04-09T06:00:00Z,10745.00
KHOU,Houston Hobby,KXHIGHTHOU,KXHIGHTHOU-26APR08,2026-04-08,KXHIGHTHOU-26APR08-B79.5,79° to 80°,79° to 80°,yes,2026-04-09T06:00:00Z,13080.00
KLAS,Las Vegas Reid International,KXHIGHTLV,KXHIGHTLV-26APR08,2026-04-08,KXHIGHTLV-26APR08-B90.5,90° to 91°,90° to 91°,yes,2026-04-09T08:00:00Z,11288.00
KLAX,Los Angeles International,KXHIGHLAX,KXHIGHLAX-26APR08,2026-04-08,KXHIGHLAX-26APR08-B71.5,71° to 72°,71° to 72°,yes,2026-04-09T07:59:00Z,55297.00
KMSP,Minneapolis St Paul,KXHIGHTMIN,KXHIGHTMIN-26APR08,2026-04-08,KXHIGHTMIN-26APR08-B61.5,61° to 62°,61° to 62°,yes,2026-04-09T06:00:00Z,16230.00
KMSY,New Orleans Armstrong,KXHIGHTNOLA,KXHIGHTNOLA-26APR08,2026-04-08,KXHIGHTNOLA-26APR08-B77.5,77° to 78°,77° to 78°,yes,2026-04-09T06:00:00Z,3481.00
KNYC,New York Central Park,KXHIGHNY,KXHIGHNY-26APR08,2026-04-08,KXHIGHNY-26APR08-B50.5,50° to 51°,50° to 51°,yes,2026-04-09T04:59:00Z,55613.00
KOKC,Oklahoma City Will Rogers,KXHIGHTOKC,KXHIGHTOKC-26APR08,2026-04-08,KXHIGHTOKC-26APR08-B75.5,75° to 76°,75° to 76°,yes,2026-04-09T06:00:00Z,9466.00
KORD,Chicago OHare,KXHIGHCHI,KXHIGHCHI-26APR08,2026-04-08,KXHIGHCHI-26APR08-T70,71° or above,71° or above,yes,2026-04-09T05:59:00Z,35551.00
KPHL,Philadelphia International,KXHIGHPHIL,KXHIGHPHIL-26APR08,2026-04-08,KXHIGHPHIL-26APR08-B55.5,55° to 56°,55° to 56°,yes,2026-04-09T04:59:00Z,9102.00
KPHX,Phoenix Sky Harbor,KXHIGHTPHX,KXHIGHTPHX-26APR08,2026-04-08,KXHIGHTPHX-26APR08-B98.5,98° to 99°,98° to 99°,yes,2026-04-09T07:00:00Z,15397.00
KSAT,San Antonio International,KXHIGHTSATX,KXHIGHTSATX-26APR08,2026-04-08,KXHIGHTSATX-26APR08-B80.5,80° to 81°,80° to 81°,yes,2026-04-09T06:00:00Z,10700.00
KSEA,Seattle Tacoma,KXHIGHTSEA,KXHIGHTSEA-26APR08,2026-04-08,KXHIGHTSEA-26APR08-B60.5,60° to 61°,60° to 61°,yes,2026-04-09T08:00:00Z,9620.00
KSFO,San Francisco International,KXHIGHTSFO,KXHIGHTSFO-26APR08,2026-04-08,KXHIGHTSFO-26APR08-B72.5,72° to 73°,72° to 73°,yes,2026-04-09T08:00:00Z,19105.00
KATL,Atlanta Hartsfield,KXHIGHTATL,KXHIGHTATL-26APR09,2026-04-09,KXHIGHTATL-26APR09-B71.5,71° to 72°,71° to 72°,yes,2026-04-10T05:00:00Z,10428.65
KAUS,Austin Bergstrom,KXHIGHAUS,KXHIGHAUS-26APR09,2026-04-09,KXHIGHAUS-26APR09-B84.5,84° to 85°,84° to 85°,yes,2026-04-10T05:59:00Z,26757.69
KBOS,Boston Logan,KXHIGHTBOS,KXHIGHTBOS-26APR09,2026-04-09,KXHIGHTBOS-26APR09-B57.5,57° to 58°,57° to 58°,yes,2026-04-10T05:00:00Z,9744.33
KDCA,Washington Reagan National,KXHIGHTDC,KXHIGHTDC-26APR09,2026-04-09,KXHIGHTDC-26APR09-B63.5,63° to 64°,63° to 64°,yes,2026-04-10T05:00:00Z,7638.28
KDEN,Denver International,KXHIGHDEN,KXHIGHDEN-26APR09,2026-04-09,KXHIGHDEN-26APR09-B73.5,73° to 74°,73° to 74°,yes,2026-04-10T06:59:00Z,13481.05
KDFW,Dallas Fort Worth,KXHIGHTDAL,KXHIGHTDAL-26APR09,2026-04-09,KXHIGHTDAL-26APR09-B81.5,81° to 82°,81° to 82°,yes,2026-04-10T06:00:00Z,13276.79
KHOU,Houston Hobby,KXHIGHTHOU,KXHIGHTHOU-26APR09,2026-04-09,KXHIGHTHOU-26APR09-B81.5,81° to 82°,81° to 82°,yes,2026-04-10T06:00:00Z,6515.49
KLAS,Las Vegas Reid International,KXHIGHTLV,KXHIGHTLV-26APR09,2026-04-09,KXHIGHTLV-26APR09-B88.5,88° to 89°,88° to 89°,yes,2026-04-10T08:00:00Z,13430.13
KLAX,Los Angeles International,KXHIGHLAX,KXHIGHLAX-26APR09,2026-04-09,KXHIGHLAX-26APR09-B72.5,72° to 73°,72° to 73°,yes,2026-04-10T07:59:00Z,47093.30
KMIA,Miami International,KXHIGHMIA,KXHIGHMIA-26APR09,2026-04-09,KXHIGHMIA-26APR09-B78.5,78° to 79°,78° to 79°,yes,2026-04-10T04:59:00Z,58525.11
KMSP,Minneapolis St Paul,KXHIGHTMIN,KXHIGHTMIN-26APR09,2026-04-09,KXHIGHTMIN-26APR09-B48.5,48° to 49°,48° to 49°,yes,2026-04-10T06:00:00Z,6405.41
KMSY,New Orleans Armstrong,KXHIGHTNOLA,KXHIGHTNOLA-26APR09,2026-04-09,KXHIGHTNOLA-26APR09-B74.5,74° to 75°,74° to 75°,yes,2026-04-10T06:00:00Z,4449.66
KNYC,New York Central Park,KXHIGHNY,KXHIGHNY-26APR09,2026-04-09,KXHIGHNY-26APR09-T53,52° or below,52° or below,yes,2026-04-10T04:59:00Z,66380.76
KOKC,Oklahoma City Will Rogers,KXHIGHTOKC,KXHIGHTOKC-26APR09,2026-04-09,KXHIGHTOKC-26APR09-B79.5,79° to 80°,79° to 80°,yes,2026-04-10T06:00:00Z,8399.91
KORD,Chicago OHare,KXHIGHCHI,KXHIGHCHI-26APR09,2026-04-09,KXHIGHCHI-26APR09-B71.5,71° to 72°,71° to 72°,yes,2026-04-10T05:59:00Z,41857.46
KPHL,Philadelphia International,KXHIGHPHIL,KXHIGHPHIL-26APR09,2026-04-09,KXHIGHPHIL-26APR09-B61.5,61° to 62°,61° to 62°,yes,2026-04-10T04:59:00Z,7845.60
KPHX,Phoenix Sky Harbor,KXHIGHTPHX,KXHIGHTPHX-26APR09,2026-04-09,KXHIGHTPHX-26APR09-B95.5,95° to 96°,95° to 96°,yes,2026-04-10T07:00:00Z,13782.20
KSAT,San Antonio International,KXHIGHTSATX,KXHIGHTSATX-26APR09,2026-04-09,KXHIGHTSATX-26APR09-B81.5,81° to 82°,81° to 82°,yes,2026-04-10T06:00:00Z,6828.20
KSEA,Seattle Tacoma,KXHIGHTSEA,KXHIGHTSEA-26APR09,2026-04-09,KXHIGHTSEA-26APR09-B65.5,65° to 66°,65° to 66°,yes,2026-04-10T08:00:00Z,21313.80
KSFO,San Francisco International,KXHIGHTSFO,KXHIGHTSFO-26APR09,2026-04-09,KXHIGHTSFO-26APR09-B71.5,71° to 72°,71° to 72°,yes,2026-04-10T08:00:00Z,12690.79
KATL,Atlanta Hartsfield,KXHIGHTATL,KXHIGHTATL-26APR10,2026-04-10,KXHIGHTATL-26APR10-B78.5,78° to 79°,78° to 79°,yes,2026-04-11T05:00:00Z,11703.46
KAUS,Austin Bergstrom,KXHIGHAUS,KXHIGHAUS-26APR10,2026-04-10,KXHIGHAUS-26APR10-B81.5,81° to 82°,81° to 82°,yes,2026-04-11T05:59:00Z,30529.20
KBOS,Boston Logan,KXHIGHTBOS,KXHIGHTBOS-26APR10,2026-04-10,KXHIGHTBOS-26APR10-B68.5,68° to 69°,68° to 69°,yes,2026-04-11T05:00:00Z,22631.44
KDCA,Washington Reagan National,KXHIGHTDC,KXHIGHTDC-26APR10,2026-04-10,KXHIGHTDC-26APR10-B73.5,73° to 74°,73° to 74°,yes,2026-04-11T05:00:00Z,15897.36
KDEN,Denver International,KXHIGHDEN,KXHIGHDEN-26APR10,2026-04-10,KXHIGHDEN-26APR10-T66,65° or below,65° or below,yes,2026-04-11T06:59:00Z,31779.54
KDFW,Dallas Fort Worth,KXHIGHTDAL,KXHIGHTDAL-26APR10,2026-04-10,KXHIGHTDAL-26APR10-B82.5,82° to 83°,82° to 83°,yes,2026-04-11T06:00:00Z,7584.18
KHOU,Houston Hobby,KXHIGHTHOU,KXHIGHTHOU-26APR10,2026-04-10,KXHIGHTHOU-26APR10-B77.5,77° to 78°,77° to 78°,yes,2026-04-11T06:00:00Z,10479.26
KLAS,Las Vegas Reid International,KXHIGHTLV,KXHIGHTLV-26APR10,2026-04-10,KXHIGHTLV-26APR10-B82.5,82° to 83°,82° to 83°,yes,2026-04-11T08:00:00Z,11763.82
KLAX,Los Angeles International,KXHIGHLAX,KXHIGHLAX-26APR10,2026-04-10,KXHIGHLAX-26APR10-B67.5,67° to 68°,67° to 68°,yes,2026-04-11T07:59:00Z,49526.41
KMIA,Miami International,KXHIGHMIA,KXHIGHMIA-26APR10,2026-04-10,KXHIGHMIA-26APR10-B82.5,82° to 83°,82° to 83°,yes,2026-04-11T04:59:00Z,42462.89
KMSP,Minneapolis St Paul,KXHIGHTMIN,KXHIGHTMIN-26APR10,2026-04-10,KXHIGHTMIN-26APR10-B55.5,55° to 56°,55° to 56°,yes,2026-04-11T06:00:00Z,5353.79
KMSY,New Orleans Armstrong,KXHIGHTNOLA,KXHIGHTNOLA-26APR10,2026-04-10,KXHIGHTNOLA-26APR10-B79.5,79° to 80°,79° to 80°,yes,2026-04-11T06:00:00Z,5020.43
KNYC,New York Central Park,KXHIGHNY,KXHIGHNY-26APR10,2026-04-10,KXHIGHNY-26APR10-B63.5,63° to 64°,63° to 64°,yes,2026-04-11T04:59:00Z,71423.17
KOKC,Oklahoma City Will Rogers,KXHIGHTOKC,KXHIGHTOKC-26APR10,2026-04-10,KXHIGHTOKC-26APR10-B82.5,82° to 83°,82° to 83°,yes,2026-04-11T06:00:00Z,7012.24
KORD,Chicago OHare,KXHIGHCHI,KXHIGHCHI-26APR10,2026-04-10,KXHIGHCHI-26APR10-B52.5,52° to 53°,52° to 53°,yes,2026-04-11T05:59:00Z,40618.07
KPHL,Philadelphia International,KXHIGHPHIL,KXHIGHPHIL-26APR10,2026-04-10,KXHIGHPHIL-26APR10-B72.5,72° to 73°,72° to 73°,yes,2026-04-11T04:59:00Z,11200.48
KPHX,Phoenix Sky Harbor,KXHIGHTPHX,KXHIGHTPHX-26APR10,2026-04-10,KXHIGHTPHX-26APR10-B91.5,91° to 92°,91° to 92°,yes,2026-04-11T07:00:00Z,15610.23
KSAT,San Antonio International,KXHIGHTSATX,KXHIGHTSATX-26APR10,2026-04-10,KXHIGHTSATX-26APR10-B82.5,82° to 83°,82° to 83°,yes,2026-04-11T06:00:00Z,5215.25
KSEA,Seattle Tacoma,KXHIGHTSEA,KXHIGHTSEA-26APR10,2026-04-10,KXHIGHTSEA-26APR10-B67.5,67° to 68°,67° to 68°,yes,2026-04-11T08:00:00Z,28397.45
KSFO,San Francisco International,KXHIGHTSFO,KXHIGHTSFO-26APR10,2026-04-10,KXHIGHTSFO-26APR10-B66.5,66° to 67°,66° to 67°,yes,2026-04-11T08:00:00Z,8884.46
KATL,Atlanta Hartsfield,KXHIGHTATL,KXHIGHTATL-26APR11,2026-04-11,KXHIGHTATL-26APR11-B84.5,84° to 85°,84° to 85°,yes,2026-04-12T05:00:00Z,15619.00
KAUS,Austin Bergstrom,KXHIGHAUS,KXHIGHAUS-26APR11,2026-04-11,KXHIGHAUS-26APR11-B84.5,84° to 85°,84° to 85°,yes,2026-04-12T05:59:00Z,21612.00
KBOS,Boston Logan,KXHIGHTBOS,KXHIGHTBOS-26APR11,2026-04-11,KXHIGHTBOS-26APR11-B59.5,59° to 60°,59° to 60°,yes,2026-04-12T05:00:00Z,11031.00
KDCA,Washington Reagan National,KXHIGHTDC,KXHIGHTDC-26APR11,2026-04-11,KXHIGHTDC-26APR11-B70.5,70° to 71°,70° to 71°,yes,2026-04-12T05:00:00Z,9986.00
KDEN,Denver International,KXHIGHDEN,KXHIGHDEN-26APR11,2026-04-11,KXHIGHDEN-26APR11-B76.5,76° to 77°,76° to 77°,yes,2026-04-12T06:59:00Z,16270.00
KDFW,Dallas Fort Worth,KXHIGHTDAL,KXHIGHTDAL-26APR11,2026-04-11,KXHIGHTDAL-26APR11-B80.5,80° to 81°,80° to 81°,yes,2026-04-12T06:00:00Z,10972.00
KHOU,Houston Hobby,KXHIGHTHOU,KXHIGHTHOU-26APR11,2026-04-11,KXHIGHTHOU-26APR11-B81.5,81° to 82°,81° to 82°,yes,2026-04-12T06:00:00Z,8410.00
KLAS,Las Vegas Reid International,KXHIGHTLV,KXHIGHTLV-26APR11,2026-04-11,KXHIGHTLV-26APR11-B77.5,77° to 78°,77° to 78°,yes,2026-04-12T08:00:00Z,18142.00
KLAX,Los Angeles International,KXHIGHLAX,KXHIGHLAX-26APR11,2026-04-11,KXHIGHLAX-26APR11-B68.5,68° to 69°,68° to 69°,yes,2026-04-12T07:59:00Z,64374.00
KMSY,New Orleans Armstrong,KXHIGHTNOLA,KXHIGHTNOLA-26APR11,2026-04-11,KXHIGHTNOLA-26APR11-B80.5,80° to 81°,80° to 81°,yes,2026-04-12T06:00:00Z,5844.00
KNYC,New York Central Park,KXHIGHNY,KXHIGHNY-26APR11,2026-04-11,KXHIGHNY-26APR11-B63.5,63° to 64°,63° to 64°,yes,2026-04-12T04:59:00Z,49073.00
KOKC,Oklahoma City Will Rogers,KXHIGHTOKC,KXHIGHTOKC-26APR11,2026-04-11,KXHIGHTOKC-26APR11-B76.5,76° to 77°,76° to 77°,yes,2026-04-12T06:00:00Z,10869.00
KPHL,Philadelphia International,KXHIGHPHIL,KXHIGHPHIL-26APR11,2026-04-11,KXHIGHPHIL-26APR11-B67.5,67° to 68°,67° to 68°,yes,2026-04-12T04:59:00Z,9712.00
KPHX,Phoenix Sky Harbor,KXHIGHTPHX,KXHIGHTPHX-26APR11,2026-04-11,KXHIGHTPHX-26APR11-B91.5,91° to 92°,91° to 92°,yes,2026-04-12T07:00:00Z,18306.00
KSAT,San Antonio International,KXHIGHTSATX,KXHIGHTSATX-26APR11,2026-04-11,KXHIGHTSATX-26APR11-B84.5,84° to 85°,84° to 85°,yes,2026-04-12T06:00:00Z,6084.00
KSEA,Seattle Tacoma,KXHIGHTSEA,KXHIGHTSEA-26APR11,2026-04-11,KXHIGHTSEA-26APR11-B55.5,55° to 56°,55° to 56°,yes,2026-04-12T08:00:00Z,16878.00
KSFO,San Francisco International,KXHIGHTSFO,KXHIGHTSFO-26APR11,2026-04-11,KXHIGHTSFO-26APR11-B62.5,62° to 63°,62° to 63°,yes,2026-04-12T08:00:00Z,7755.00
KATL,Atlanta Hartsfield,KXHIGHTATL,KXHIGHTATL-26APR12,2026-04-12,KXHIGHTATL-26APR12-B85.5,85° to 86°,85° to 86°,yes,2026-04-13T05:00:00Z,9817.00
KAUS,Austin Bergstrom,KXHIGHAUS,KXHIGHAUS-26APR12,2026-04-12,KXHIGHAUS-26APR12-B79.5,79° to 80°,79° to 80°,yes,2026-04-13T05:59:00Z,19614.00
KBOS,Boston Logan,KXHIGHTBOS,KXHIGHTBOS-26APR12,2026-04-12,KXHIGHTBOS-26APR12-B49.5,49° to 50°,49° to 50°,yes,2026-04-13T05:00:00Z,14097.00
KDCA,Washington Reagan National,KXHIGHTDC,KXHIGHTDC-26APR12,2026-04-12,KXHIGHTDC-26APR12-B70.5,70° to 71°,70° to 71°,yes,2026-04-13T05:00:00Z,6580.00
KDEN,Denver International,KXHIGHDEN,KXHIGHDEN-26APR12,2026-04-12,KXHIGHDEN-26APR12-B75.5,75° to 76°,75° to 76°,yes,2026-04-13T06:59:00Z,8064.00
KDFW,Dallas Fort Worth,KXHIGHTDAL,KXHIGHTDAL-26APR12,2026-04-12,KXHIGHTDAL-26APR12-T75,74° or below,74° or below,yes,2026-04-13T06:00:00Z,25239.00
KHOU,Houston Hobby,KXHIGHTHOU,KXHIGHTHOU-26APR12,2026-04-12,KXHIGHTHOU-26APR12-B79.5,79° to 80°,79° to 80°,yes,2026-04-13T06:00:00Z,11736.00
KLAS,Las Vegas Reid International,KXHIGHTLV,KXHIGHTLV-26APR12,2026-04-12,KXHIGHTLV-26APR12-B74.5,74° to 75°,74° to 75°,yes,2026-04-13T08:00:00Z,7754.00
KLAX,Los Angeles International,KXHIGHLAX,KXHIGHLAX-26APR12,2026-04-12,KXHIGHLAX-26APR12-T68,69° or above,69° or above,yes,2026-04-13T07:59:00Z,70423.00
KMIA,Miami International,KXHIGHMIA,KXHIGHMIA-26APR12,2026-04-12,KXHIGHMIA-26APR12-B81.5,81° to 82°,81° to 82°,yes,2026-04-13T04:59:00Z,27845.00
KMSP,Minneapolis St Paul,KXHIGHTMIN,KXHIGHTMIN-26APR12,2026-04-12,KXHIGHTMIN-26APR12-B80.5,80° to 81°,80° to 81°,yes,2026-04-13T06:00:00Z,10473.00
KMSY,New Orleans Armstrong,KXHIGHTNOLA,KXHIGHTNOLA-26APR12,2026-04-12,KXHIGHTNOLA-26APR12-B80.5,80° to 81°,80° to 81°,yes,2026-04-13T06:00:00Z,4688.00
KNYC,New York Central Park,KXHIGHNY,KXHIGHNY-26APR12,2026-04-12,KXHIGHNY-26APR12-T56,55° or below,55° or below,yes,2026-04-13T04:59:00Z,66454.00
KOKC,Oklahoma City Will Rogers,KXHIGHTOKC,KXHIGHTOKC-26APR12,2026-04-12,KXHIGHTOKC-26APR12-B82.5,82° to 83°,82° to 83°,yes,2026-04-13T06:00:00Z,8334.00
KORD,Chicago OHare,KXHIGHCHI,KXHIGHCHI-26APR12,2026-04-12,KXHIGHCHI-26APR12-B80.5,80° to 81°,80° to 81°,yes,2026-04-13T05:59:00Z,44109.00
KPHL,Philadelphia International,KXHIGHPHIL,KXHIGHPHIL-26APR12,2026-04-12,KXHIGHPHIL-26APR12-B67.5,67° to 68°,67° to 68°,yes,2026-04-13T04:59:00Z,9600.00
KPHX,Phoenix Sky Harbor,KXHIGHTPHX,KXHIGHTPHX-26APR12,2026-04-12,KXHIGHTPHX-26APR12-B82.5,82° to 83°,82° to 83°,yes,2026-04-13T07:00:00Z,17656.00
KSAT,San Antonio International,KXHIGHTSATX,KXHIGHTSATX-26APR12,2026-04-12,KXHIGHTSATX-26APR12-B80.5,80° to 81°,80° to 81°,yes,2026-04-13T06:00:00Z,6614.00
KSEA,Seattle Tacoma,KXHIGHTSEA,KXHIGHTSEA-26APR12,2026-04-12,KXHIGHTSEA-26APR12-B56.5,56° to 57°,56° to 57°,yes,2026-04-13T08:00:00Z,10297.00
KSFO,San Francisco International,KXHIGHTSFO,KXHIGHTSFO-26APR12,2026-04-12,KXHIGHTSFO-26APR12-B59.5,59° to 60°,59° to 60°,yes,2026-04-13T08:00:00Z,19661.00
KATL,Atlanta Hartsfield,KXHIGHTATL,KXHIGHTATL-26APR13,2026-04-13,KXHIGHTATL-26APR13-B83.5,83° to 84°,83° to 84°,yes,2026-04-14T05:00:00Z,19394.00
KAUS,Austin Bergstrom,KXHIGHAUS,KXHIGHAUS-26APR13,2026-04-13,KXHIGHAUS-26APR13-B88.5,88° to 89°,88° to 89°,yes,2026-04-14T05:59:00Z,353976.00
KBOS,Boston Logan,KXHIGHTBOS,KXHIGHTBOS-26APR13,2026-04-13,KXHIGHTBOS-26APR13-B71.5,71° to 72°,71° to 72°,yes,2026-04-14T05:00:00Z,12781.00
KDCA,Washington Reagan National,KXHIGHTDC,KXHIGHTDC-26APR13,2026-04-13,KXHIGHTDC-26APR13-T85,84° or below,84° or below,yes,2026-04-14T05:00:00Z,19591.00
KDEN,Denver International,KXHIGHDEN,KXHIGHDEN-26APR13,2026-04-13,KXHIGHDEN-26APR13-B73.5,73° to 74°,73° to 74°,yes,2026-04-14T06:59:00Z,18087.00
KDFW,Dallas Fort Worth,KXHIGHTDAL,KXHIGHTDAL-26APR13,2026-04-13,KXHIGHTDAL-26APR13-B85.5,85° to 86°,85° to 86°,yes,2026-04-14T06:00:00Z,16552.00
KHOU,Houston Hobby,KXHIGHTHOU,KXHIGHTHOU-26APR13,2026-04-13,KXHIGHTHOU-26APR13-T82,81° or below,81° or below,yes,2026-04-14T06:00:00Z,13675.00
KLAS,Las Vegas Reid International,KXHIGHTLV,KXHIGHTLV-26APR13,2026-04-13,KXHIGHTLV-26APR13-B70.5,70° to 71°,70° to 71°,yes,2026-04-14T08:00:00Z,18104.00
KLAX,Los Angeles International,KXHIGHLAX,KXHIGHLAX-26APR13,2026-04-13,KXHIGHLAX-26APR13-B66.5,66° to 67°,66° to 67°,yes,2026-04-14T07:59:00Z,31143.00
KMIA,Miami International,KXHIGHMIA,KXHIGHMIA-26APR13,2026-04-13,KXHIGHMIA-26APR13-B81.5,81° to 82°,81° to 82°,yes,2026-04-14T04:59:00Z,27869.00
KMSP,Minneapolis St Paul,KXHIGHTMIN,KXHIGHTMIN-26APR13,2026-04-13,KXHIGHTMIN-26APR13-B72.5,72° to 73°,72° to 73°,yes,2026-04-14T06:00:00Z,13469.00
KMSY,New Orleans Armstrong,KXHIGHTNOLA,KXHIGHTNOLA-26APR13,2026-04-13,KXHIGHTNOLA-26APR13-B81.5,81° to 82°,81° to 82°,yes,2026-04-14T06:00:00Z,4203.00
KNYC,New York Central Park,KXHIGHNY,KXHIGHNY-26APR13,2026-04-13,KXHIGHNY-26APR13-B78.5,78° to 79°,78° to 79°,yes,2026-04-14T04:59:00Z,120864.00
KOKC,Oklahoma City Will Rogers,KXHIGHTOKC,KXHIGHTOKC-26APR13,2026-04-13,KXHIGHTOKC-26APR13-B85.5,85° to 86°,85° to 86°,yes,2026-04-14T06:00:00Z,9758.00
KORD,Chicago OHare,KXHIGHCHI,KXHIGHCHI-26APR13,2026-04-13,KXHIGHCHI-26APR13-B78.5,78° to 79°,78° to 79°,yes,2026-04-14T05:59:00Z,53238.00
KPHL,Philadelphia International,KXHIGHPHIL,KXHIGHPHIL-26APR13,2026-04-13,KXHIGHPHIL-26APR13-B80.5,80° to 81°,80° to 81°,yes,2026-04-14T04:59:00Z,15366.00
KPHX,Phoenix Sky Harbor,KXHIGHTPHX,KXHIGHTPHX-26APR13,2026-04-13,KXHIGHTPHX-26APR13-B80.5,80° to 81°,80° to 81°,yes,2026-04-14T07:00:00Z,12942.00
KSAT,San Antonio International,KXHIGHTSATX,KXHIGHTSATX-26APR13,2026-04-13,KXHIGHTSATX-26APR13-T88,89° or above,89° or above,yes,2026-04-14T06:00:00Z,18413.00
KSEA,Seattle Tacoma,KXHIGHTSEA,KXHIGHTSEA-26APR13,2026-04-13,KXHIGHTSEA-26APR13-B56.5,56° to 57°,56° to 57°,yes,2026-04-14T08:00:00Z,45023.00
KSFO,San Francisco International,KXHIGHTSFO,KXHIGHTSFO-26APR13,2026-04-13,KXHIGHTSFO-26APR13-B63.5,63° to 64°,63° to 64°,yes,2026-04-14T08:00:00Z,35546.00
KATL,Atlanta Hartsfield,KXHIGHTATL,KXHIGHTATL-26APR14,2026-04-14,KXHIGHTATL-26APR14-B86.5,86° to 87°,86° to 87°,yes,2026-04-15T05:00:00Z,26522.00
KBOS,Boston Logan,KXHIGHTBOS,KXHIGHTBOS-26APR14,2026-04-14,KXHIGHTBOS-26APR14-B77.5,77° to 78°,77° to 78°,yes,2026-04-15T05:00:00Z,23443.00
KDCA,Washington Reagan National,KXHIGHTDC,KXHIGHTDC-26APR14,2026-04-14,KXHIGHTDC-26APR14-B86.5,86° to 87°,86° to 87°,yes,2026-04-15T05:00:00Z,18250.00
KDEN,Denver International,KXHIGHDEN,KXHIGHDEN-26APR14,2026-04-14,KXHIGHDEN-26APR14-B60.5,60° to 61°,60° to 61°,yes,2026-04-15T06:59:00Z,11802.00
KDFW,Dallas Fort Worth,KXHIGHTDAL,KXHIGHTDAL-26APR14,2026-04-14,KXHIGHTDAL-26APR14-B79.5,79° to 80°,79° to 80°,yes,2026-04-15T06:00:00Z,10246.00
KHOU,Houston Hobby,KXHIGHTHOU,KXHIGHTHOU-26APR14,2026-04-14,KXHIGHTHOU-26APR14-B84.5,84° to 85°,84° to 85°,yes,2026-04-15T06:00:00Z,8348.00
KLAX,Los Angeles International,KXHIGHLAX,KXHIGHLAX-26APR14,2026-04-14,KXHIGHLAX-26APR14-B69.5,69° to 70°,69° to 70°,yes,2026-04-15T07:59:00Z,44172.00
KMIA,Miami International,KXHIGHMIA,KXHIGHMIA-26APR14,2026-04-14,KXHIGHMIA-26APR14-B83.5,83° to 84°,83° to 84°,yes,2026-04-15T04:59:00Z,42052.00
KMSP,Minneapolis St Paul,KXHIGHTMIN,KXHIGHTMIN-26APR14,2026-04-14,KXHIGHTMIN-26APR14-T66,65° or below,65° or below,yes,2026-04-15T06:00:00Z,25879.00
KMSY,New Orleans Armstrong,KXHIGHTNOLA,KXHIGHTNOLA-26APR14,2026-04-14,KXHIGHTNOLA-26APR14-B81.5,81° to 82°,81° to 82°,yes,2026-04-15T06:00:00Z,6414.00
KNYC,New York Central Park,KXHIGHNY,KXHIGHNY-26APR14,2026-04-14,KXHIGHNY-26APR14-T86,87° or above,87° or above,yes,2026-04-15T04:59:00Z,131911.00
KOKC,Oklahoma City Will Rogers,KXHIGHTOKC,KXHIGHTOKC-26APR14,2026-04-14,KXHIGHTOKC-26APR14-B82.5,82° to 83°,82° to 83°,yes,2026-04-15T06:00:00Z,4415.00
KORD,Chicago OHare,KXHIGHCHI,KXHIGHCHI-26APR14,2026-04-14,KXHIGHCHI-26APR14-B82.5,82° to 83°,82° to 83°,yes,2026-04-15T05:59:00Z,34043.00
KPHL,Philadelphia International,KXHIGHPHIL,KXHIGHPHIL-26APR14,2026-04-14,KXHIGHPHIL-26APR14-B87.5,87° to 88°,87° to 88°,yes,2026-04-15T04:59:00Z,12752.00
KPHX,Phoenix Sky Harbor,KXHIGHTPHX,KXHIGHTPHX-26APR14,2026-04-14,KXHIGHTPHX-26APR14-B79.5,79° to 80°,79° to 80°,yes,2026-04-15T07:00:00Z,21612.00
KSAT,San Antonio International,KXHIGHTSATX,KXHIGHTSATX-26APR14,2026-04-14,KXHIGHTSATX-26APR14-T87,88° or above,88° or above,yes,2026-04-15T06:00:00Z,11225.00
KSEA,Seattle Tacoma,KXHIGHTSEA,KXHIGHTSEA-26APR14,2026-04-14,KXHIGHTSEA-26APR14-B46.5,46° to 47°,46° to 47°,yes,2026-04-15T08:00:00Z,23491.00
KSFO,San Francisco International,KXHIGHTSFO,KXHIGHTSFO-26APR14,2026-04-14,KXHIGHTSFO-26APR14-B60.5,60° to 61°,60° to 61°,yes,2026-04-15T08:00:00Z,6991.00
KATL,Atlanta Hartsfield,KXHIGHTATL,KXHIGHTATL-26APR15,2026-04-15,KXHIGHTATL-26APR15-B85.5,85° to 86°,85° to 86°,yes,2026-04-16T05:00:00Z,19163.00
KAUS,Austin Bergstrom,KXHIGHAUS,KXHIGHAUS-26APR15,2026-04-15,KXHIGHAUS-26APR15-B85.5,85° to 86°,85° to 86°,yes,2026-04-16T05:59:00Z,22610.00
KBOS,Boston Logan,KXHIGHTBOS,KXHIGHTBOS-26APR15,2026-04-15,KXHIGHTBOS-26APR15-B72.5,72° to 73°,72° to 73°,yes,2026-04-16T05:00:00Z,13969.00
KDCA,Washington Reagan National,KXHIGHTDC,KXHIGHTDC-26APR15,2026-04-15,KXHIGHTDC-26APR15-B90.5,90° to 91°,90° to 91°,yes,2026-04-16T05:00:00Z,13346.00
KDEN,Denver International,KXHIGHDEN,KXHIGHDEN-26APR15,2026-04-15,KXHIGHDEN-26APR15-B67.5,67° to 68°,67° to 68°,yes,2026-04-16T06:59:00Z,11883.00
KDFW,Dallas Fort Worth,KXHIGHTDAL,KXHIGHTDAL-26APR15,2026-04-15,KXHIGHTDAL-26APR15-B78.5,78° to 79°,78° to 79°,yes,2026-04-16T06:00:00Z,9152.00
KHOU,Houston Hobby,KXHIGHTHOU,KXHIGHTHOU-26APR15,2026-04-15,KXHIGHTHOU-26APR15-B84.5,84° to 85°,84° to 85°,yes,2026-04-16T06:00:00Z,6633.00
KLAS,Las Vegas Reid International,KXHIGHTLV,KXHIGHTLV-26APR15,2026-04-15,KXHIGHTLV-26APR15-B83.5,83° to 84°,83° to 84°,yes,2026-04-16T08:00:00Z,10100.00
KLAX,Los Angeles International,KXHIGHLAX,KXHIGHLAX-26APR15,2026-04-15,KXHIGHLAX-26APR15-B70.5,70° to 71°,70° to 71°,yes,2026-04-16T07:59:00Z,76090.00
KMIA,Miami International,KXHIGHMIA,KXHIGHMIA-26APR15,2026-04-15,KXHIGHMIA-26APR15-B81.5,81° to 82°,81° to 82°,yes,2026-04-16T04:59:00Z,30169.00
KMSP,Minneapolis St Paul,KXHIGHTMIN,KXHIGHTMIN-26APR15,2026-04-15,KXHIGHTMIN-26APR15-B68.5,68° to 69°,68° to 69°,yes,2026-04-16T06:00:00Z,10567.00
KMSY,New Orleans Armstrong,KXHIGHTNOLA,KXHIGHTNOLA-26APR15,2026-04-15,KXHIGHTNOLA-26APR15-B81.5,81° to 82°,81° to 82°,yes,2026-04-16T06:00:00Z,5485.00
KNYC,New York Central Park,KXHIGHNY,KXHIGHNY-26APR15,2026-04-15,KXHIGHNY-26APR15-B89.5,89° to 90°,89° to 90°,yes,2026-04-16T04:59:00Z,94134.00
KOKC,Oklahoma City Will Rogers,KXHIGHTOKC,KXHIGHTOKC-26APR15,2026-04-15,KXHIGHTOKC-26APR15-B80.5,80° to 81°,80° to 81°,yes,2026-04-16T06:00:00Z,5757.00
KORD,Chicago OHare,KXHIGHCHI,KXHIGHCHI-26APR15,2026-04-15,KXHIGHCHI-26APR15-B73.5,73° to 74°,73° to 74°,yes,2026-04-16T05:59:00Z,31666.00
KPHL,Philadelphia International,KXHIGHPHIL,KXHIGHPHIL-26APR15,2026-04-15,KXHIGHPHIL-26APR15-B91.5,91° to 92°,91° to 92°,yes,2026-04-16T04:59:00Z,9636.00
KPHX,Phoenix Sky Harbor,KXHIGHTPHX,KXHIGHTPHX-26APR15,2026-04-15,KXHIGHTPHX-26APR15-B87.5,87° to 88°,87° to 88°,yes,2026-04-16T07:00:00Z,19088.00
KSAT,San Antonio International,KXHIGHTSATX,KXHIGHTSATX-26APR15,2026-04-15,KXHIGHTSATX-26APR15-B85.5,85° to 86°,85° to 86°,yes,2026-04-16T06:00:00Z,5301.00
KSFO,San Francisco International,KXHIGHTSFO,KXHIGHTSFO-26APR15,2026-04-15,KXHIGHTSFO-26APR15-B61.5,61° to 62°,61° to 62°,yes,2026-04-16T08:00:00Z,11828.00
KATL,Atlanta Hartsfield,KXHIGHTATL,KXHIGHTATL-26APR16,2026-04-16,KXHIGHTATL-26APR16-B84.5,84° to 85°,84° to 85°,yes,2026-04-17T05:00:00Z,28268.98
KAUS,Austin Bergstrom,KXHIGHAUS,KXHIGHAUS-26APR16,2026-04-16,KXHIGHAUS-26APR16-B88.5,88° to 89°,88° to 89°,yes,2026-04-17T05:59:00Z,22315.81
KBOS,Boston Logan,KXHIGHTBOS,KXHIGHTBOS-26APR16,2026-04-16,KXHIGHTBOS-26APR16-T63,62° or below,62° or below,yes,2026-04-17T05:00:00Z,38926.04
KDCA,Washington Reagan National,KXHIGHTDC,KXHIGHTDC-26APR16,2026-04-16,KXHIGHTDC-26APR16-B89.5,89° to 90°,89° to 90°,yes,2026-04-17T05:00:00Z,19813.45
KDEN,Denver International,KXHIGHDEN,KXHIGHDEN-26APR16,2026-04-16,KXHIGHDEN-26APR16-B77.5,77° to 78°,77° to 78°,yes,2026-04-17T06:59:00Z,18404.65
KDFW,Dallas Fort Worth,KXHIGHTDAL,KXHIGHTDAL-26APR16,2026-04-16,KXHIGHTDAL-26APR16-B85.5,85° to 86°,85° to 86°,yes,2026-04-17T06:00:00Z,8079.76
KHOU,Houston Hobby,KXHIGHTHOU,KXHIGHTHOU-26APR16,2026-04-16,KXHIGHTHOU-26APR16-B85.5,85° to 86°,85° to 86°,yes,2026-04-17T06:00:00Z,4285.31
KLAS,Las Vegas Reid International,KXHIGHTLV,KXHIGHTLV-26APR16,2026-04-16,KXHIGHTLV-26APR16-B80.5,80° to 81°,80° to 81°,yes,2026-04-17T08:00:00Z,10998.55
KLAX,Los Angeles International,KXHIGHLAX,KXHIGHLAX-26APR16,2026-04-16,KXHIGHLAX-26APR16-B69.5,69° to 70°,69° to 70°,yes,2026-04-17T07:59:00Z,55161.00
KMIA,Miami International,KXHIGHMIA,KXHIGHMIA-26APR16,2026-04-16,KXHIGHMIA-26APR16-B82.5,82° to 83°,82° to 83°,yes,2026-04-17T04:59:00Z,26193.03
KMSP,Minneapolis St Paul,KXHIGHTMIN,KXHIGHTMIN-26APR16,2026-04-16,KXHIGHTMIN-26APR16-B79.5,79° to 80°,79° to 80°,yes,2026-04-17T06:00:00Z,9553.98
KMSY,New Orleans Armstrong,KXHIGHTNOLA,KXHIGHTNOLA-26APR16,2026-04-16,KXHIGHTNOLA-26APR16-B83.5,83° to 84°,83° to 84°,yes,2026-04-17T06:00:00Z,5273.21
KNYC,New York Central Park,KXHIGHNY,KXHIGHNY-26APR16,2026-04-16,KXHIGHNY-26APR16-B88.5,88° to 89°,88° to 89°,yes,2026-04-17T04:59:00Z,64028.45
KOKC,Oklahoma City Will Rogers,KXHIGHTOKC,KXHIGHTOKC-26APR16,2026-04-16,KXHIGHTOKC-26APR16-B84.5,84° to 85°,84° to 85°,yes,2026-04-17T06:00:00Z,6589.43
KORD,Chicago OHare,KXHIGHCHI,KXHIGHCHI-26APR16,2026-04-16,KXHIGHCHI-26APR16-B74.5,74° to 75°,74° to 75°,yes,2026-04-17T05:59:00Z,24697.88
KPHL,Philadelphia International,KXHIGHPHIL,KXHIGHPHIL-26APR16,2026-04-16,KXHIGHPHIL-26APR16-B91.5,91° to 92°,91° to 92°,yes,2026-04-17T04:59:00Z,11049.60
KPHX,Phoenix Sky Harbor,KXHIGHTPHX,KXHIGHTPHX-26APR16,2026-04-16,KXHIGHTPHX-26APR16-B88.5,88° to 89°,88° to 89°,yes,2026-04-17T07:00:00Z,25007.28
KSAT,San Antonio International,KXHIGHTSATX,KXHIGHTSATX-26APR16,2026-04-16,KXHIGHTSATX-26APR16-B88.5,88° to 89°,88° to 89°,yes,2026-04-17T06:00:00Z,12218.79
KSEA,Seattle Tacoma,KXHIGHTSEA,KXHIGHTSEA-26APR16,2026-04-16,KXHIGHTSEA-26APR16-B56.5,56° to 57°,56° to 57°,yes,2026-04-17T08:00:00Z,12385.72
KSFO,San Francisco International,KXHIGHTSFO,KXHIGHTSFO-26APR16,2026-04-16,KXHIGHTSFO-26APR16-B67.5,67° to 68°,67° to 68°,yes,2026-04-17T08:00:00Z,9538.54
KATL,Atlanta Hartsfield,KXHIGHTATL,KXHIGHTATL-26APR17,2026-04-17,KXHIGHTATL-26APR17-B90.5,90° to 91°,90° to 91°,yes,2026-04-18T05:00:00Z,23343.36
KAUS,Austin Bergstrom,KXHIGHAUS,KXHIGHAUS-26APR17,2026-04-17,KXHIGHAUS-26APR17-B89.5,89° to 90°,89° to 90°,yes,2026-04-18T05:59:00Z,21131.21
KBOS,Boston Logan,KXHIGHTBOS,KXHIGHTBOS-26APR17,2026-04-17,KXHIGHTBOS-26APR17-T65,64° or below,64° or below,yes,2026-04-18T05:00:00Z,10144.20
KDCA,Washington Reagan National,KXHIGHTDC,KXHIGHTDC-26APR17,2026-04-17,KXHIGHTDC-26APR17-B81.5,81° to 82°,81° to 82°,yes,2026-04-18T05:00:00Z,5324.19
KDEN,Denver International,KXHIGHDEN,KXHIGHDEN-26APR17,2026-04-17,KXHIGHDEN-26APR17-T50,49° or below,49° or below,yes,2026-04-18T06:59:00Z,70721.39
KDFW,Dallas Fort Worth,KXHIGHTDAL,KXHIGHTDAL-26APR17,2026-04-17,KXHIGHTDAL-26APR17-B82.5,82° to 83°,82° to 83°,yes,2026-04-18T06:00:00Z,13683.42
KHOU,Houston Hobby,KXHIGHTHOU,KXHIGHTHOU-26APR17,2026-04-17,KXHIGHTHOU-26APR17-B84.5,84° to 85°,84° to 85°,yes,2026-04-18T06:00:00Z,6968.90
KLAS,Las Vegas Reid International,KXHIGHTLV,KXHIGHTLV-26APR17,2026-04-17,KXHIGHTLV-26APR17-B68.5,68° to 69°,68° to 69°,yes,2026-04-18T08:00:00Z,12969.26
KLAX,Los Angeles International,KXHIGHLAX,KXHIGHLAX-26APR17,2026-04-17,KXHIGHLAX-26APR17-T78,77° or below,77° or below,yes,2026-04-18T07:59:00Z,171230.07
KMIA,Miami International,KXHIGHMIA,KXHIGHMIA-26APR17,2026-04-17,KXHIGHMIA-26APR17-B84.5,84° to 85°,84° to 85°,yes,2026-04-18T04:59:00Z,44729.50
KMSP,Minneapolis St Paul,KXHIGHTMIN,KXHIGHTMIN-26APR17,2026-04-17,KXHIGHTMIN-26APR17-B67.5,67° to 68°,67° to 68°,yes,2026-04-18T06:00:00Z,16189.84
KMSY,New Orleans Armstrong,KXHIGHTNOLA,KXHIGHTNOLA-26APR17,2026-04-17,KXHIGHTNOLA-26APR17-B82.5,82° to 83°,82° to 83°,yes,2026-04-18T06:00:00Z,10547.37
KNYC,New York Central Park,KXHIGHNY,KXHIGHNY-26APR17,2026-04-17,KXHIGHNY-26APR17-B81.5,81° to 82°,81° to 82°,yes,2026-04-18T04:59:00Z,74964.89
KOKC,Oklahoma City Will Rogers,KXHIGHTOKC,KXHIGHTOKC-26APR17,2026-04-17,KXHIGHTOKC-26APR17-T78,77° or below,77° or below,yes,2026-04-18T06:00:00Z,7994.46
KORD,Chicago OHare,KXHIGHCHI,KXHIGHCHI-26APR17,2026-04-17,KXHIGHCHI-26APR17-B81.5,81° to 82°,81° to 82°,yes,2026-04-18T05:59:00Z,41327.89
KPHL,Philadelphia International,KXHIGHPHIL,KXHIGHPHIL-26APR17,2026-04-17,KXHIGHPHIL-26APR17-B82.5,82° to 83°,82° to 83°,yes,2026-04-18T04:59:00Z,13319.25
KPHX,Phoenix Sky Harbor,KXHIGHTPHX,KXHIGHTPHX-26APR17,2026-04-17,KXHIGHTPHX-26APR17-B87.5,87° to 88°,87° to 88°,yes,2026-04-18T07:00:00Z,19086.33
KSAT,San Antonio International,KXHIGHTSATX,KXHIGHTSATX-26APR17,2026-04-17,KXHIGHTSATX-26APR17-B91.5,91° to 92°,91° to 92°,yes,2026-04-18T06:00:00Z,9933.29
KSEA,Seattle Tacoma,KXHIGHTSEA,KXHIGHTSEA-26APR17,2026-04-17,KXHIGHTSEA-26APR17-B55.5,55° to 56°,55° to 56°,yes,2026-04-18T08:00:00Z,10644.20
KSFO,San Francisco International,KXHIGHTSFO,KXHIGHTSFO-26APR17,2026-04-17,KXHIGHTSFO-26APR17-B70.5,70° to 71°,70° to 71°,yes,2026-04-18T08:00:00Z,11667.61
