station_id,station_name,obs_utc,obs_local,date_local,hour_local,temp_f,temp_c,dewpoint_f,rh_pct,wind_kts,wind_dir,precip_in,feels_like_f,source
KPHX,Phoenix Sky Harbor,2026-04-06 07:00:00,2026-04-06,2026-04-06,0,80.6,27,33.8,18.5,4,110,NA,NA,NWS_API
KPHX,Phoenix Sky Harbor,2026-04-06 07:05:00,2026-04-06 00:05:00,2026-04-06,0,80.6,27,33.8,18.5,5,110,NA,NA,NWS_API
KPHX,Phoenix Sky Harbor,2026-04-06 07:10:00,2026-04-06 00:10:00,2026-04-06,0,80.6,27,33.8,18.5,4,100,NA,NA,NWS_API
KPHX,Phoenix Sky Harbor,2026-04-06 07:15:00,2026-04-06 00:15:00,2026-04-06,0,80.6,27,33.8,18.5,4,140,NA,NA,NWS_API
KPHX,Phoenix Sky Harbor,2026-04-06 07:20:00,2026-04-06 00:20:00,2026-04-06,0,80.6,27,33.8,18.5,3,150,NA,NA,NWS_API
KPHX,Phoenix Sky Harbor,2026-04-06 07:25:00,2026-04-06 00:25:00,2026-04-06,0,82.4,28,35.6,18.7,4,160,NA,NA,NWS_API
KPHX,Phoenix Sky Harbor,2026-04-06 07:30:00,2026-04-06 00:30:00,2026-04-06,0,82.4,28,33.8,17.4,4,150,NA,NA,NWS_API
KPHX,Phoenix Sky Harbor,2026-04-06 07:35:00,2026-04-06 00:35:00,2026-04-06,0,82.4,28,33.8,17.4,4,140,NA,NA,NWS_API
KPHX,Phoenix Sky Harbor,2026-04-06 07:40:00,2026-04-06 00:40:00,2026-04-06,0,82.4,28,33.8,17.4,3,140,NA,NA,NWS_API
KPHX,Phoenix Sky Harbor,2026-04-06 07:45:00,2026-04-06 00:45:00,2026-04-06,0,82.4,28,33.8,17.4,3,120,NA,NA,NWS_API
KPHX,Phoenix Sky Harbor,2026-04-06 07:50:00,2026-04-06 00:50:00,2026-04-06,0,82.4,28,33.8,17.4,3,90,NA,NA,NWS_API
KPHX,Phoenix Sky Harbor,2026-04-06 07:51:00,2026-04-06 00:51:00,2026-04-06,0,82.9,28.3,34,17.2,2.9,90,NA,NA,NWS_API
KPHX,Phoenix Sky Harbor,2026-04-06 07:55:00,2026-04-06 00:55:00,2026-04-06,0,82.4,28,33.8,17.4,4,90,NA,NA,NWS_API
KPHX,Phoenix Sky Harbor,2026-04-06 08:00:00,2026-04-06 01:00:00,2026-04-06,1,82.4,28,33.8,17.4,3,100,NA,NA,NWS_API
KPHX,Phoenix Sky Harbor,2026-04-06 08:05:00,2026-04-06 01:05:00,2026-04-06,1,82.4,28,33.8,17.4,3,100,NA,NA,NWS_API
KPHX,Phoenix Sky Harbor,2026-04-06 08:10:00,2026-04-06 01:10:00,2026-04-06,1,82.4,28,33.8,17.4,4,90,NA,NA,NWS_API
KPHX,Phoenix Sky Harbor,2026-04-06 08:15:00,2026-04-06 01:15:00,2026-04-06,1,82.4,28,33.8,17.4,4,100,NA,NA,NWS_API
KPHX,Phoenix Sky Harbor,2026-04-06 08:20:00,2026-04-06 01:20:00,2026-04-06,1,82.4,28,33.8,17.4,4,90,NA,NA,NWS_API
KPHX,Phoenix Sky Harbor,2026-04-06 08:25:00,2026-04-06 01:25:00,2026-04-06,1,82.4,28,33.8,17.4,4,80,NA,NA,NWS_API
KPHX,Phoenix Sky Harbor,2026-04-06 08:30:00,2026-04-06 01:30:00,2026-04-06,1,82.4,28,33.8,17.4,4,90,NA,NA,NWS_API
KPHX,Phoenix Sky Harbor,2026-04-06 08:35:00,2026-04-06 01:35:00,2026-04-06,1,80.6,27,33.8,18.5,4,80,NA,NA,NWS_API
KPHX,Phoenix Sky Harbor,2026-04-06 08:40:00,2026-04-06 01:40:00,2026-04-06,1,80.6,27,33.8,18.5,5,90,NA,NA,NWS_API
KPHX,Phoenix Sky Harbor,2026-04-06 08:45:00,2026-04-06 01:45:00,2026-04-06,1,80.6,27,33.8,18.5,5,80,NA,NA,NWS_API
KPHX,Phoenix Sky Harbor,2026-04-06 08:50:00,2026-04-06 01:50:00,2026-04-06,1,80.6,27,33.8,18.5,5,80,NA,NA,NWS_API
KPHX,Phoenix Sky Harbor,2026-04-06 08:51:00,2026-04-06 01:51:00,2026-04-06,1,80.1,26.7,34,18.9,5.1,80,NA,NA,NWS_API
KPHX,Phoenix Sky Harbor,2026-04-06 08:55:00,2026-04-06 01:55:00,2026-04-06,1,80.6,27,33.8,18.5,4,90,NA,NA,NWS_API
KPHX,Phoenix Sky Harbor,2026-04-06 09:00:00,2026-04-06 02:00:00,2026-04-06,2,80.6,27,33.8,18.5,4,90,NA,NA,NWS_API
KPHX,Phoenix Sky Harbor,2026-04-06 09:05:00,2026-04-06 02:05:00,2026-04-06,2,80.6,27,33.8,18.5,3,80,NA,NA,NWS_API
KPHX,Phoenix Sky Harbor,2026-04-06 09:10:00,2026-04-06 02:10:00,2026-04-06,2,80.6,27,33.8,18.5,3,80,NA,NA,NWS_API
KPHX,Phoenix Sky Harbor,2026-04-06 09:15:00,2026-04-06 02:15:00,2026-04-06,2,80.6,27,33.8,18.5,4,70,NA,NA,NWS_API
KPHX,Phoenix Sky Harbor,2026-04-06 09:20:00,2026-04-06 02:20:00,2026-04-06,2,80.6,27,33.8,18.5,4,70,NA,NA,NWS_API
KPHX,Phoenix Sky Harbor,2026-04-06 09:25:00,2026-04-06 02:25:00,2026-04-06,2,80.6,27,33.8,18.5,4,70,NA,NA,NWS_API
KPHX,Phoenix Sky Harbor,2026-04-06 09:30:00,2026-04-06 02:30:00,2026-04-06,2,80.6,27,33.8,18.5,5,80,NA,NA,NWS_API
KPHX,Phoenix Sky Harbor,2026-04-06 09:35:00,2026-04-06 02:35:00,2026-04-06,2,80.6,27,33.8,18.5,5,80,NA,NA,NWS_API
KPHX,Phoenix Sky Harbor,2026-04-06 09:40:00,2026-04-06 02:40:00,2026-04-06,2,80.6,27,33.8,18.5,5,90,NA,NA,NWS_API
KPHX,Phoenix Sky Harbor,2026-04-06 09:45:00,2026-04-06 02:45:00,2026-04-06,2,78.8,26,33.8,19.6,4,90,NA,NA,NWS_API
KPHX,Phoenix Sky Harbor,2026-04-06 09:50:00,2026-04-06 02:50:00,2026-04-06,2,78.8,26,33.8,19.6,4,100,NA,NA,NWS_API
KPHX,Phoenix Sky Harbor,2026-04-06 09:51:00,2026-04-06 02:51:00,2026-04-06,2,79,26.1,34,19.6,4.1,110,NA,NA,NWS_API
KPHX,Phoenix Sky Harbor,2026-04-06 09:55:00,2026-04-06 02:55:00,2026-04-06,2,78.8,26,35.6,21,5,110,NA,NA,NWS_API
KPHX,Phoenix Sky Harbor,2026-04-06 10:00:00,2026-04-06 03:00:00,2026-04-06,3,78.8,26,35.6,21,8,110,NA,NA,NWS_API
KPHX,Phoenix Sky Harbor,2026-04-06 10:05:00,2026-04-06 03:05:00,2026-04-06,3,80.6,27,33.8,18.5,9,110,NA,NA,NWS_API
KPHX,Phoenix Sky Harbor,2026-04-06 10:10:00,2026-04-06 03:10:00,2026-04-06,3,80.6,27,33.8,18.5,9,110,NA,NA,NWS_API
KPHX,Phoenix Sky Harbor,2026-04-06 10:15:00,2026-04-06 03:15:00,2026-04-06,3,80.6,27,35.6,19.8,11,120,NA,NA,NWS_API
KPHX,Phoenix Sky Harbor,2026-04-06 10:20:00,2026-04-06 03:20:00,2026-04-06,3,80.6,27,35.6,19.8,11,110,NA,NA,NWS_API
KPHX,Phoenix Sky Harbor,2026-04-06 10:25:00,2026-04-06 03:25:00,2026-04-06,3,80.6,27,35.6,19.8,9,110,NA,NA,NWS_API
KPHX,Phoenix Sky Harbor,2026-04-06 10:30:00,2026-04-06 03:30:00,2026-04-06,3,80.6,27,35.6,19.8,9,120,NA,NA,NWS_API
KPHX,Phoenix Sky Harbor,2026-04-06 10:35:00,2026-04-06 03:35:00,2026-04-06,3,80.6,27,35.6,19.8,11,120,NA,NA,NWS_API
KPHX,Phoenix Sky Harbor,2026-04-06 10:40:00,2026-04-06 03:40:00,2026-04-06,3,80.6,27,35.6,19.8,9,120,NA,NA,NWS_API
KPHX,Phoenix Sky Harbor,2026-04-06 10:45:00,2026-04-06 03:45:00,2026-04-06,3,80.6,27,35.6,19.8,9,110,NA,NA,NWS_API
KPHX,Phoenix Sky Harbor,2026-04-06 10:50:00,2026-04-06 03:50:00,2026-04-06,3,80.6,27,35.6,19.8,10,120,NA,NA,NWS_API
KPHX,Phoenix Sky Harbor,2026-04-06 10:51:00,2026-04-06 03:51:00,2026-04-06,3,80.1,26.7,36,20.5,9.9,120,NA,NA,NWS_API
KPHX,Phoenix Sky Harbor,2026-04-06 10:55:00,2026-04-06 03:55:00,2026-04-06,3,80.6,27,35.6,19.8,10,110,NA,NA,NWS_API
KPHX,Phoenix Sky Harbor,2026-04-06 11:00:00,2026-04-06 04:00:00,2026-04-06,4,80.6,27,35.6,19.8,11,110,NA,NA,NWS_API
KPHX,Phoenix Sky Harbor,2026-04-06 11:05:00,2026-04-06 04:05:00,2026-04-06,4,80.6,27,35.6,19.8,12,110,NA,NA,NWS_API
KPHX,Phoenix Sky Harbor,2026-04-06 11:10:00,2026-04-06 04:10:00,2026-04-06,4,80.6,27,35.6,19.8,10,120,NA,NA,NWS_API
KPHX,Phoenix Sky Harbor,2026-04-06 11:15:00,2026-04-06 04:15:00,2026-04-06,4,80.6,27,35.6,19.8,9,120,NA,NA,NWS_API
KPHX,Phoenix Sky Harbor,2026-04-06 11:20:00,2026-04-06 04:20:00,2026-04-06,4,80.6,27,35.6,19.8,7,120,NA,NA,NWS_API
KPHX,Phoenix Sky Harbor,2026-04-06 11:25:00,2026-04-06 04:25:00,2026-04-06,4,80.6,27,35.6,19.8,8,120,NA,NA,NWS_API
KPHX,Phoenix Sky Harbor,2026-04-06 11:30:00,2026-04-06 04:30:00,2026-04-06,4,80.6,27,35.6,19.8,8,120,NA,NA,NWS_API
KPHX,Phoenix Sky Harbor,2026-04-06 11:35:00,2026-04-06 04:35:00,2026-04-06,4,80.6,27,37.4,21.3,9,120,NA,NA,NWS_API
KPHX,Phoenix Sky Harbor,2026-04-06 11:40:00,2026-04-06 04:40:00,2026-04-06,4,80.6,27,37.4,21.3,9,120,NA,NA,NWS_API
KPHX,Phoenix Sky Harbor,2026-04-06 11:45:00,2026-04-06 04:45:00,2026-04-06,4,80.6,27,37.4,21.3,11,110,NA,NA,NWS_API
KPHX,Phoenix Sky Harbor,2026-04-06 11:50:00,2026-04-06 04:50:00,2026-04-06,4,80.6,27,37.4,21.3,11,120,NA,NA,NWS_API
KPHX,Phoenix Sky Harbor,2026-04-06 11:51:00,2026-04-06 04:51:00,2026-04-06,4,80.1,26.7,37,21.4,11.1,120,NA,NA,NWS_API
KPHX,Phoenix Sky Harbor,2026-04-06 11:55:00,2026-04-06 04:55:00,2026-04-06,4,80.6,27,37.4,21.3,9,110,NA,NA,NWS_API
KPHX,Phoenix Sky Harbor,2026-04-06 12:00:00,2026-04-06 05:00:00,2026-04-06,5,78.8,26,37.4,22.6,11,110,NA,NA,NWS_API
KPHX,Phoenix Sky Harbor,2026-04-06 12:05:00,2026-04-06 05:05:00,2026-04-06,5,78.8,26,37.4,22.6,11,120,NA,NA,NWS_API
KPHX,Phoenix Sky Harbor,2026-04-06 12:10:00,2026-04-06 05:10:00,2026-04-06,5,78.8,26,37.4,22.6,11,110,NA,NA,NWS_API
KPHX,Phoenix Sky Harbor,2026-04-06 12:15:00,2026-04-06 05:15:00,2026-04-06,5,78.8,26,37.4,22.6,9,120,NA,NA,NWS_API
KPHX,Phoenix Sky Harbor,2026-04-06 12:20:00,2026-04-06 05:20:00,2026-04-06,5,78.8,26,37.4,22.6,10,130,NA,NA,NWS_API
KPHX,Phoenix Sky Harbor,2026-04-06 12:25:00,2026-04-06 05:25:00,2026-04-06,5,78.8,26,37.4,22.6,11,120,NA,NA,NWS_API
KPHX,Phoenix Sky Harbor,2026-04-06 12:30:00,2026-04-06 05:30:00,2026-04-06,5,78.8,26,37.4,22.6,12,130,NA,NA,NWS_API
KPHX,Phoenix Sky Harbor,2026-04-06 12:35:00,2026-04-06 05:35:00,2026-04-06,5,78.8,26,37.4,22.6,12,130,NA,NA,NWS_API
KPHX,Phoenix Sky Harbor,2026-04-06 12:40:00,2026-04-06 05:40:00,2026-04-06,5,78.8,26,37.4,22.6,12,120,NA,NA,NWS_API
KPHX,Phoenix Sky Harbor,2026-04-06 12:45:00,2026-04-06 05:45:00,2026-04-06,5,78.8,26,37.4,22.6,14,130,NA,NA,NWS_API
KPHX,Phoenix Sky Harbor,2026-04-06 12:50:00,2026-04-06 05:50:00,2026-04-06,5,78.8,26,37.4,22.6,12,120,NA,NA,NWS_API
KPHX,Phoenix Sky Harbor,2026-04-06 12:51:00,2026-04-06 05:51:00,2026-04-06,5,79,26.1,37.9,22.9,11.1,120,NA,NA,NWS_API
KPHX,Phoenix Sky Harbor,2026-04-06 12:55:00,2026-04-06 05:55:00,2026-04-06,5,78.8,26,37.4,22.6,13,110,NA,NA,NWS_API
KPHX,Phoenix Sky Harbor,2026-04-06 13:00:00,2026-04-06 06:00:00,2026-04-06,6,78.8,26,37.4,22.6,13,120,NA,NA,NWS_API
KPHX,Phoenix Sky Harbor,2026-04-06 13:05:00,2026-04-06 06:05:00,2026-04-06,6,78.8,26,37.4,22.6,12,120,NA,NA,NWS_API
KPHX,Phoenix Sky Harbor,2026-04-06 13:10:00,2026-04-06 06:10:00,2026-04-06,6,78.8,26,37.4,22.6,11,120,NA,NA,NWS_API
KPHX,Phoenix Sky Harbor,2026-04-06 13:15:00,2026-04-06 06:15:00,2026-04-06,6,78.8,26,37.4,22.6,12,120,NA,NA,NWS_API
KPHX,Phoenix Sky Harbor,2026-04-06 13:20:00,2026-04-06 06:20:00,2026-04-06,6,78.8,26,37.4,22.6,14,120,NA,NA,NWS_API
KPHX,Phoenix Sky Harbor,2026-04-06 13:25:00,2026-04-06 06:25:00,2026-04-06,6,78.8,26,37.4,22.6,12,120,NA,NA,NWS_API
KPHX,Phoenix Sky Harbor,2026-04-06 13:30:00,2026-04-06 06:30:00,2026-04-06,6,78.8,26,37.4,22.6,11,120,NA,NA,NWS_API
KPHX,Phoenix Sky Harbor,2026-04-06 13:35:00,2026-04-06 06:35:00,2026-04-06,6,78.8,26,37.4,22.6,13,110,NA,NA,NWS_API
KPHX,Phoenix Sky Harbor,2026-04-06 13:40:00,2026-04-06 06:40:00,2026-04-06,6,78.8,26,37.4,22.6,10,120,NA,NA,NWS_API
KPHX,Phoenix Sky Harbor,2026-04-06 13:45:00,2026-04-06 06:45:00,2026-04-06,6,78.8,26,37.4,22.6,10,120,NA,NA,NWS_API
KPHX,Phoenix Sky Harbor,2026-04-06 13:50:00,2026-04-06 06:50:00,2026-04-06,6,78.8,26,37.4,22.6,11,130,NA,NA,NWS_API
KPHX,Phoenix Sky Harbor,2026-04-06 13:51:00,2026-04-06 06:51:00,2026-04-06,6,79,26.1,37.9,22.9,9.9,130,NA,NA,NWS_API
KPHX,Phoenix Sky Harbor,2026-04-06 13:55:00,2026-04-06 06:55:00,2026-04-06,6,78.8,26,39.2,24.2,11,120,NA,NA,NWS_API
KPHX,Phoenix Sky Harbor,2026-04-06 14:00:00,2026-04-06 07:00:00,2026-04-06,7,78.8,26,39.2,24.2,11,120,NA,NA,NWS_API
KPHX,Phoenix Sky Harbor,2026-04-06 14:05:00,2026-04-06 07:05:00,2026-04-06,7,78.8,26,39.2,24.2,9,120,NA,NA,NWS_API
KPHX,Phoenix Sky Harbor,2026-04-06 14:10:00,2026-04-06 07:10:00,2026-04-06,7,78.8,26,39.2,24.2,10,110,NA,NA,NWS_API
KPHX,Phoenix Sky Harbor,2026-04-06 14:15:00,2026-04-06 07:15:00,2026-04-06,7,78.8,26,39.2,24.2,10,110,NA,NA,NWS_API
KPHX,Phoenix Sky Harbor,2026-04-06 14:20:00,2026-04-06 07:20:00,2026-04-06,7,78.8,26,39.2,24.2,9,100,NA,NA,NWS_API
KPHX,Phoenix Sky Harbor,2026-04-06 14:25:00,2026-04-06 07:25:00,2026-04-06,7,78.8,26,39.2,24.2,8,90,NA,NA,NWS_API
KPHX,Phoenix Sky Harbor,2026-04-06 14:30:00,2026-04-06 07:30:00,2026-04-06,7,78.8,26,39.2,24.2,9,110,NA,NA,NWS_API
KPHX,Phoenix Sky Harbor,2026-04-06 14:35:00,2026-04-06 07:35:00,2026-04-06,7,78.8,26,39.2,24.2,6,120,NA,NA,NWS_API
KPHX,Phoenix Sky Harbor,2026-04-06 14:40:00,2026-04-06 07:40:00,2026-04-06,7,78.8,26,39.2,24.2,12,130,NA,NA,NWS_API
KPHX,Phoenix Sky Harbor,2026-04-06 14:45:00,2026-04-06 07:45:00,2026-04-06,7,78.8,26,39.2,24.2,10,120,NA,NA,NWS_API
KPHX,Phoenix Sky Harbor,2026-04-06 14:50:00,2026-04-06 07:50:00,2026-04-06,7,78.8,26,39.2,24.2,12,120,NA,NA,NWS_API
KPHX,Phoenix Sky Harbor,2026-04-06 14:51:00,2026-04-06 07:51:00,2026-04-06,7,79,26.1,39,23.9,12.1,130,NA,NA,NWS_API
KPHX,Phoenix Sky Harbor,2026-04-06 14:55:00,2026-04-06 07:55:00,2026-04-06,7,78.8,26,39.2,24.2,10,130,NA,NA,NWS_API
KPHX,Phoenix Sky Harbor,2026-04-06 15:00:00,2026-04-06 08:00:00,2026-04-06,8,78.8,26,39.2,24.2,9,120,NA,NA,NWS_API
KPHX,Phoenix Sky Harbor,2026-04-06 15:05:00,2026-04-06 08:05:00,2026-04-06,8,78.8,26,39.2,24.2,11,120,NA,NA,NWS_API
KPHX,Phoenix Sky Harbor,2026-04-06 15:10:00,2026-04-06 08:10:00,2026-04-06,8,78.8,26,39.2,24.2,8,130,NA,NA,NWS_API
KPHX,Phoenix Sky Harbor,2026-04-06 15:15:00,2026-04-06 08:15:00,2026-04-06,8,78.8,26,39.2,24.2,11,130,NA,NA,NWS_API
KPHX,Phoenix Sky Harbor,2026-04-06 15:20:00,2026-04-06 08:20:00,2026-04-06,8,78.8,26,39.2,24.2,13,120,NA,NA,NWS_API
KPHX,Phoenix Sky Harbor,2026-04-06 15:25:00,2026-04-06 08:25:00,2026-04-06,8,78.8,26,39.2,24.2,NA,NA,NA,NA,NWS_API
KPHX,Phoenix Sky Harbor,2026-04-06 15:30:00,2026-04-06 08:30:00,2026-04-06,8,78.8,26,39.2,24.2,12,120,NA,NA,NWS_API
KPHX,Phoenix Sky Harbor,2026-04-06 15:35:00,2026-04-06 08:35:00,2026-04-06,8,78.8,26,39.2,24.2,10,120,NA,NA,NWS_API
